2003;Monster;1;34445894;237557;145;2003-12-24 00:00:00
2003;21 Grams;0;10934562;182242;60;2003-11-21 00:00:00
2003;House of Sand and Fog;0;13024825;124045;105;2003-12-19 00:00:00
2003;Pieces of April;0;2376152;30859;77;2003-10-17 00:00:00
2003;Mystic River;0;90135191;393603;229;2003-10-08 00:00:00
2003;Thirteen;0;4592413;42919;107;2003-08-20 00:00:00
2003;Cold Mountain;1;94688000;1154731;82;2003-12-25 00:00:00
2003;Girl with a Pearl Earring;0;7663000;111057;69;2003-12-12 00:00:00
2003;The Last Samurai;0;111127263;881962;126;2003-12-05 00:00:00
2003;The Lord of the Rings: The Return of the King;1;377027325;2217807;170;2003-12-17 00:00:00
2003;Master and Commander: The Far Side of the World;0;93921256;536692;175;2003-11-14 00:00:00
2003;Seabiscuit;0;120170960;903541;133;2003-07-25 00:00:00
2003;City of God;0;4667761;17288;270;2003-01-17 00:00:00
2003;Cold Mountain;0;94688000;1154731;82;2003-12-25 00:00:00
2003;Girl with a Pearl Earring;0;7663000;111057;69;2003-12-12 00:00:00
2003;Master and Commander: The Far Side of the World;1;93921256;536692;175;2003-11-14 00:00:00
2003;Seabiscuit;0;120170960;903541;133;2003-07-25 00:00:00
2003;Girl with a Pearl Earring;0;7663000;111057;69;2003-12-12 00:00:00
2003;The Last Samurai;0;111127263;881962;126;2003-12-05 00:00:00
2003;The Lord of the Rings: The Return of the King;1;377027325;2217807;170;2003-12-17 00:00:00
2003;Master and Commander: The Far Side of the World;0;93921256;536692;175;2003-11-14 00:00:00
2003;Seabiscuit;0;120170960;903541;133;2003-07-25 00:00:00
2003;City of God;0;4667761;17288;270;2003-01-17 00:00:00
2003;The Lord of the Rings: The Return of the King;1;377027325;2217807;170;2003-12-17 00:00:00
2003;Lost in Translation;0;43217012;263518;164;2003-09-12 00:00:00
2003;Master and Commander: The Far Side of the World;0;93921256;536692;175;2003-11-14 00:00:00
2002;Gangs of New York;0;77726642;571519;136;2002-12-20 00:00:00
2002;About Schmidt;0;64816513;453262;143;2002-12-13 00:00:00
2002;Adaptation;1;64816513;453262;143;2002-12-13 00:00:00
2002;The Hours;0;41608003;283047;147;2002-12-27 00:00:00
2002;Road to Perdition;0;104117482;929620;112;2002-07-12 00:00:00
2002;Chicago;0;167440667;1170913;143;2002-12-27 00:00:00
2002;Catch Me If You Can;0;164558699;1256173;131;2002-12-25 00:00:00
2002;Frida;0;12465376;377738;33;2002-10-25 00:00:00
2002;The Hours;1;41608003;283047;147;2002-12-27 00:00:00
2002;Unfaithful;0;52756933;538336;98;2002-05-08 00:00:00
2002;Far from Heaven;0;52756933;538336;98;2002-05-08 00:00:00
2002;Chicago;0;167440667;1170913;143;2002-12-27 00:00:00
2002;About Schmidt;0;64816513;453262;143;2002-12-13 00:00:00
2002;The Hours;0;41608003;283047;147;2002-12-27 00:00:00
2002;Chicago;0;167440667;1170913;143;2002-12-27 00:00:00
2002;Adaptation;0;167440667;1170913;143;2002-12-27 00:00:00
2002;Chicago;1;167440667;1170913;143;2002-12-27 00:00:00
2002;Chicago;1;167440667;1170913;143;2002-12-27 00:00:00
2002;Frida;0;12465376;377738;33;2002-10-25 00:00:00
2002;Gangs of New York;0;77726642;571519;136;2002-12-20 00:00:00
2002;The Lord of the Rings: The Two Towers;0;339785181;1375648;247;2002-12-18 00:00:00
2002;Road to Perdition;0;104117482;929620;112;2002-07-12 00:00:00
2002;Chicago;0;167440667;1170913;143;2002-12-27 00:00:00
2002;Far from Heaven;0;167440667;1170913;143;2002-12-27 00:00:00
2002;Gangs of New York;0;77726642;571519;136;2002-12-20 00:00:00
2002;The Pianist;0;32198948;226753;142;2002-12-25 00:00:00
2002;Road to Perdition;1;104117482;929620;112;2002-07-12 00:00:00
2002;Chicago;1;167440667;1170913;143;2002-12-27 00:00:00
2002;Frida;0;12465376;377738;33;2002-10-25 00:00:00
2002;Gangs of New York;0;77726642;571519;136;2002-12-20 00:00:00
2002;The Hours;0;41608003;283047;147;2002-12-27 00:00:00
2002;The Pianist;0;32198948;226753;142;2002-12-25 00:00:00
2002;Chicago;0;167440667;1170913;143;2002-12-27 00:00:00
2002;Gangs of New York;0;77726642;571519;136;2002-12-20 00:00:00
2002;The Hours;0;41608003;283047;147;2002-12-27 00:00:00
2002;The Pianist;1;32198948;226753;142;2002-12-25 00:00:00
2002;Talk to Her;0;9198380;56087;164;2002-11-22 00:00:00
2002;Chicago;1;167440667;1170913;143;2002-12-27 00:00:00
2002;Gangs of New York;0;77726642;571519;136;2002-12-20 00:00:00
2002;The Hours;0;41608003;283047;147;2002-12-27 00:00:00
2002;The Lord of the Rings: The Two Towers;0;339785181;1375648;247;2002-12-18 00:00:00
2002;The Pianist;0;32198948;226753;142;2002-12-25 00:00:00
2002;El Crimen del Padre Amaro;0;;;;2002-11-15 00:00:00
2002;Hero;0;;;;2002-11-15 00:00:00
2002;The Man without a Past;0;;;;2002-11-15 00:00:00
2002;Nowhere in Africa;1;;;;2002-11-15 00:00:00
2002;Zus & Zo;0;;;;2002-11-15 00:00:00
2002;Frida;1;12465376;377738;33;2002-10-25 00:00:00
2002;The Time Machine;0;56712457;736525;77;2002-03-08 00:00:00
2002;Chicago;1;167440667;1170913;143;2002-12-27 00:00:00
2002;Gangs of New York;0;77726642;571519;136;2002-12-20 00:00:00
2002;The Hours;0;41608003;283047;147;2002-12-27 00:00:00
2002;The Lord of the Rings: The Two Towers;0;339785181;1375648;247;2002-12-18 00:00:00
2002;The Pianist;0;32198948;226753;142;2002-12-25 00:00:00
2002;Chicago;1;167440667;1170913;143;2002-12-27 00:00:00
2002;Gangs of New York;0;77726642;571519;136;2002-12-20 00:00:00
2002;The Lord of the Rings: The Two Towers;0;339785181;1375648;247;2002-12-18 00:00:00
2002;Road to Perdition;0;104117482;929620;112;2002-07-12 00:00:00
2002;Spider-Man;0;403706375;3738021;108;2002-05-03 00:00:00
2002;The Lord of the Rings: The Two Towers;1;339785181;1375648;247;2002-12-18 00:00:00
2002;Minority Report;0;132024714;992667;133;2002-06-21 00:00:00
2002;Road to Perdition;0;104117482;929620;112;2002-07-12 00:00:00
2002;The Lord of the Rings: The Two Towers;1;339785181;1375648;247;2002-12-18 00:00:00
2002;Spider-Man;0;403706375;3738021;108;2002-05-03 00:00:00
2002;Star Wars Episode II Attack of the Clones;0;403706375;3738021;108;2002-05-03 00:00:00
2002;About a Boy;0;40683240;645765;63;2002-05-17 00:00:00
2002;Chicago;0;167440667;1170913;143;2002-12-27 00:00:00
2002;The Hours;0;41608003;283047;147;2002-12-27 00:00:00
2002;The Pianist;1;32198948;226753;142;2002-12-25 00:00:00
2002;Far from Heaven;0;32198948;226753;142;2002-12-25 00:00:00
2002;Gangs of New York;0;77726642;571519;136;2002-12-20 00:00:00
2002;My Big Fat Greek Wedding;0;240840576;781949;308;2002-04-19 00:00:00
2002;Talk to Her;1;9198380;56087;164;2002-11-22 00:00:00
2002;Y Tu Mamá También;0;9198380;56087;164;2002-11-22 00:00:00
2003;Pirates of the Caribbean: The Curse of the Black Pearl;0;302977271;2367009;128;2003-07-09 00:00:00
2003;House of Sand and Fog;0;13024825;124045;105;2003-12-19 00:00:00
2003;Cold Mountain;0;94688000;1154731;82;2003-12-25 00:00:00
2003;Lost in Translation;0;43217012;263518;164;2003-09-12 00:00:00
2003;Mystic River;1;90135191;393603;229;2003-10-08 00:00:00
2003;The Cooler;0;3751701;68212;55;2003-11-26 00:00:00
2003;21 Grams;0;10934562;182242;60;2003-11-21 00:00:00
2003;In America;0;15518515;91285;170;2003-11-26 00:00:00
2003;Mystic River;1;90135191;393603;229;2003-10-08 00:00:00
2003;The Last Samurai;0;111127263;881962;126;2003-12-05 00:00:00
2003;Whale Rider;0;20772796;121478;171;2003-06-06 00:00:00
2003;Something's Gotta Give;0;124590960;1153620;108;2003-12-12 00:00:00
2003;In America;0;15518515;91285;170;2003-11-26 00:00:00
2000;Before Night Falls;0;;;;2000-12-22 00:00:00
2000;Gladiator;1;;;;2000-05-05 00:00:00
2000;Cast Away;0;;;;2000-12-22 00:00:00
2000;Pollock;0;;;;2000-12-15 00:00:00
2000;Quills;0;;;;2000-11-24 00:00:00
2000;The Contender;0;;;;2000-10-13 00:00:00
2000;Shadow of the Vampire;0;;;;2000-12-29 00:00:00
2000;Traffic;1;;;;2000-12-27 00:00:00
2000;Erin Brockovich;0;;;;2000-03-17 00:00:00
2000;Gladiator;0;;;;2000-05-05 00:00:00
2000;The Contender;0;;;;2000-10-13 00:00:00
2000;Chocolat;0;;;;2000-12-15 00:00:00
2000;Requiem for a Dream;0;;;;2000-10-06 00:00:00
2000;You Can Count on Me;0;;;;2000-11-10 00:00:00
2000;Erin Brockovich;1;;;;2000-03-17 00:00:00
2000;Chocolat;0;;;;2000-12-15 00:00:00
2000;Pollock;1;;;;2000-12-15 00:00:00
2000;Almost Famous;0;;;;2000-09-15 00:00:00
2000;Almost Famous;0;;;;2000-09-15 00:00:00
2000;Billy Elliot;0;;;;2000-10-13 00:00:00
2000;Crouching Tiger, Hidden Dragon;1;;;;2000-12-08 00:00:00
2000;Dr. Seuss' How the Grinch Stole Christmas;0;;;;2000-12-08 00:00:00
2000;Gladiator;0;;;;2000-05-05 00:00:00
2000;Quills;0;;;;2000-11-24 00:00:00
2000;Vatel;0;;;;2000-12-25 00:00:00
2000;Crouching Tiger, Hidden Dragon;1;;;;2000-12-08 00:00:00
2000;Gladiator;0;;;;2000-05-05 00:00:00
2000;Malèna;0;;;;2000-05-05 00:00:00
2000;O Brother, Where Art Thou?;0;;;;2000-12-22 00:00:00
2000;The Patriot;0;;;;2000-06-28 00:00:00
2000;Crouching Tiger, Hidden Dragon;0;;;;2000-12-08 00:00:00
2000;Dr. Seuss' How the Grinch Stole Christmas;0;;;;2000-12-08 00:00:00
2000;Gladiator;1;;;;2000-05-05 00:00:00
2000;102 Dalmatians;0;;;;2000-11-22 00:00:00
2000;Quills;0;;;;2000-11-24 00:00:00
2000;Billy Elliot;0;;;;2000-10-13 00:00:00
2000;Crouching Tiger, Hidden Dragon;0;;;;2000-12-08 00:00:00
2000;Erin Brockovich;0;;;;2000-03-17 00:00:00
2000;Gladiator;0;;;;2000-05-05 00:00:00
2000;Traffic;1;;;;2000-12-27 00:00:00
2000;Almost Famous;0;;;;2000-09-15 00:00:00
2000;Crouching Tiger, Hidden Dragon;0;;;;2000-12-08 00:00:00
2000;Gladiator;0;;;;2000-05-05 00:00:00
2000;Traffic;1;;;;2000-12-27 00:00:00
2000;Wonder Boys;0;;;;2000-02-23 00:00:00
2000;Amores Perros;0;;;;2000-02-23 00:00:00
2000;Crouching Tiger, Hidden Dragon;1;;;;2000-12-08 00:00:00
2000;Divided We Fall;0;;;;2000-12-08 00:00:00
2000;Everybody Famous!;0;;;;2000-12-08 00:00:00
2000;The Taste of Others;0;;;;2000-09-15 00:00:00
2000;The Cell;0;;;;2000-08-18 00:00:00
2000;Dr. Seuss' How the Grinch Stole Christmas;1;;;;2000-08-18 00:00:00
2000;Shadow of the Vampire;0;;;;2000-12-29 00:00:00
2000;Chocolat;0;;;;2000-12-15 00:00:00
2000;Crouching Tiger, Hidden Dragon;0;;;;2000-12-08 00:00:00
2000;Erin Brockovich;0;;;;2000-03-17 00:00:00
2000;Gladiator;1;;;;2000-05-05 00:00:00
2000;Traffic;0;;;;2000-12-27 00:00:00
2000;Cast Away;0;;;;2000-12-22 00:00:00
2000;Gladiator;1;;;;2000-05-05 00:00:00
2000;The Patriot;0;;;;2000-06-28 00:00:00
2000;The Perfect Storm;0;;;;2000-06-30 00:00:00
2000;U-571;0;;;;2000-04-21 00:00:00
2000;Space Cowboys;0;;;;2000-08-04 00:00:00
2000;U-571;1;;;;2000-04-21 00:00:00
2000;Gladiator;1;;;;2000-05-05 00:00:00
2000;Hollow Man;0;;;;2000-08-04 00:00:00
2000;The Perfect Storm;0;;;;2000-06-30 00:00:00
2000;Chocolat;0;;;;2000-12-15 00:00:00
2000;Crouching Tiger, Hidden Dragon;0;;;;2000-12-08 00:00:00
2000;O Brother, Where Art Thou?;0;;;;2000-12-22 00:00:00
2000;Traffic;1;;;;2000-12-27 00:00:00
2000;Wonder Boys;0;;;;2000-02-23 00:00:00
2000;Almost Famous;1;;;;2000-09-15 00:00:00
2000;Billy Elliot;0;;;;2000-10-13 00:00:00
2000;Erin Brockovich;0;;;;2000-03-17 00:00:00
2000;Gladiator;0;;;;2000-05-05 00:00:00
2000;You Can Count on Me;0;;;;2000-11-10 00:00:00
2001;A Beautiful Mind;0;170742341;1060511;161;2001-12-21 00:00:00
2001;I Am Sam;0;29951434;565121;53;2001-12-28 00:00:00
2001;Ali;0;57556520;1856661;31;2001-12-25 00:00:00
2001;Training Day;1;;;;2001-10-05 00:00:00
2001;In the Bedroom;0;23224195;263911;88;2001-11-23 00:00:00
2001;Iris;1;583296;9721;60;2001-12-14 00:00:00
2001;Training Day;0;;;;2001-10-05 00:00:00
2001;Sexy Beast;0;;;;2001-06-15 00:00:00
2001;The Lord of the Rings: The Fellowship of the Ring;0;313364114;1289564;243;2001-12-19 00:00:00
2001;Ali;0;57556520;1856661;31;2001-12-25 00:00:00
2001;Monster's Ball;1;31168322;203714;153;2001-12-26 00:00:00
2001;Iris;0;583296;9721;60;2001-12-14 00:00:00
2001;Moulin Rouge;0;583296;9721;60;2001-12-14 00:00:00
2001;In the Bedroom;0;23224195;263911;88;2001-11-23 00:00:00
2001;Bridget Jones's Diary;0;;;;2001-04-13 00:00:00
2001;A Beautiful Mind;1;170742341;1060511;161;2001-12-21 00:00:00
2001;Gosford Park;0;25767044;468491;55;2001-12-26 00:00:00
2001;Gosford Park;0;25767044;468491;55;2001-12-26 00:00:00
2001;In the Bedroom;0;23224195;263911;88;2001-11-23 00:00:00
2001;Iris;0;583296;9721;60;2001-12-14 00:00:00
2001;Amélie;0;583296;9721;60;2001-12-14 00:00:00
2001;Gosford Park;0;25767044;468491;55;2001-12-26 00:00:00
2001;Harry Potter and the Sorcerer's Stone;0;314320476;3308636;95;2001-11-16 00:00:00
2001;The Lord of the Rings: The Fellowship of the Ring;0;313364114;1289564;243;2001-12-19 00:00:00
2001;Moulin Rouge;1;313364114;1289564;243;2001-12-19 00:00:00
2001;Amélie;0;313364114;1289564;243;2001-12-19 00:00:00
2001;Black Hawk Down;0;108264894;1244424;87;2001-12-28 00:00:00
2001;The Lord of the Rings: The Fellowship of the Ring;1;313364114;1289564;243;2001-12-19 00:00:00
2001;The Man Who Wasn't There;0;;;;2001-11-02 00:00:00
2001;Moulin Rouge;0;;;;2001-11-02 00:00:00
2001;The Affair of the Necklace;0;;;;2001-11-30 00:00:00
2001;Gosford Park;0;25767044;468491;55;2001-12-26 00:00:00
2001;Harry Potter and the Sorcerer's Stone;0;314320476;3308636;95;2001-11-16 00:00:00
2001;The Lord of the Rings: The Fellowship of the Ring;0;313364114;1289564;243;2001-12-19 00:00:00
2001;Moulin Rouge;1;313364114;1289564;243;2001-12-19 00:00:00
2001;A Beautiful Mind;1;170742341;1060511;161;2001-12-21 00:00:00
2001;Black Hawk Down;0;108264894;1244424;87;2001-12-28 00:00:00
2001;Gosford Park;0;25767044;468491;55;2001-12-26 00:00:00
2001;The Lord of the Rings: The Fellowship of the Ring;0;313364114;1289564;243;2001-12-19 00:00:00
2001;Mulholland Drive;0;7220243;33739;214;2001-10-08 00:00:00
2001;A Beautiful Mind;0;170742341;1060511;161;2001-12-21 00:00:00
2001;Black Hawk Down;1;108264894;1244424;87;2001-12-28 00:00:00
2001;The Lord of the Rings: The Fellowship of the Ring;0;313364114;1289564;243;2001-12-19 00:00:00
2001;Memento;0;;;;2001-03-16 00:00:00
2001;Moulin Rouge;0;;;;2001-03-16 00:00:00
2001;Amélie;0;;;;2001-03-16 00:00:00
2001;Elling;0;;;;2001-03-16 00:00:00
2001;Lagaan;0;;;;2001-06-15 00:00:00
2001;No Man's Land;1;;;;2001-12-07 00:00:00
2001;Son of the Bride;0;;;;2001-12-07 00:00:00
2001;A Beautiful Mind;0;170742341;1060511;161;2001-12-21 00:00:00
2001;The Lord of the Rings: The Fellowship of the Ring;1;313364114;1289564;243;2001-12-19 00:00:00
2001;A Beautiful Mind;1;170742341;1060511;161;2001-12-21 00:00:00
2001;Gosford Park;0;25767044;468491;55;2001-12-26 00:00:00
2001;In the Bedroom;0;23224195;263911;88;2001-11-23 00:00:00
2001;The Lord of the Rings: The Fellowship of the Ring;0;313364114;1289564;243;2001-12-19 00:00:00
2001;Moulin Rouge;0;313364114;1289564;243;2001-12-19 00:00:00
2001;Black Hawk Down;1;108264894;1244424;87;2001-12-28 00:00:00
2001;The Lord of the Rings: The Fellowship of the Ring;0;313364114;1289564;243;2001-12-19 00:00:00
2001;Pearl Harbor;0;;;;2001-05-25 00:00:00
2001;Monsters, Inc.;0;250822376;2756289;91;2001-11-02 00:00:00
2001;Pearl Harbor;1;;;;2001-05-25 00:00:00
2001;A.I. Artificial Intelligence;0;;;;2001-06-29 00:00:00
2001;The Lord of the Rings: The Fellowship of the Ring;1;313364114;1289564;243;2001-12-19 00:00:00
2001;Pearl Harbor;0;;;;2001-05-25 00:00:00
2001;A Beautiful Mind;1;170742341;1060511;161;2001-12-21 00:00:00
2001;Ghost World;0;;;;2001-07-20 00:00:00
2001;In the Bedroom;0;23224195;263911;88;2001-11-23 00:00:00
2001;The Lord of the Rings: The Fellowship of the Ring;0;313364114;1289564;243;2001-12-19 00:00:00
2001;Shrek;0;;;;2001-05-16 00:00:00
2001;Gosford Park;1;25767044;468491;55;2001-12-26 00:00:00
2001;Memento;0;;;;2001-03-16 00:00:00
2001;Monster's Ball;0;31168322;203714;153;2001-12-26 00:00:00
2001;The Royal Tenenbaums;0;50331623;599185;84;2001-12-14 00:00:00
2002;The Pianist;1;32198948;226753;142;2002-12-25 00:00:00
2002;Adaptation;0;32198948;226753;142;2002-12-25 00:00:00
2002;The Quiet American;0;12538615;74634;168;2002-11-22 00:00:00
2003;Mystic River;0;90135191;393603;229;2003-10-08 00:00:00
2003;City of God;0;4667761;17288;270;2003-01-17 00:00:00
2003;Cold Mountain;0;94688000;1154731;82;2003-12-25 00:00:00
2003;The Lord of the Rings: The Return of the King;1;377027325;2217807;170;2003-12-17 00:00:00
2003;Master and Commander: The Far Side of the World;0;93921256;536692;175;2003-11-14 00:00:00
2003;Seabiscuit;0;120170960;903541;133;2003-07-25 00:00:00
2003;The Barbarian Invasions;1;216456;15461;14;2003-11-21 00:00:00
2003;Evil;0;216456;15461;14;2003-11-21 00:00:00
2003;The Twilight Samurai;0;216456;15461;14;2003-11-21 00:00:00
2003;Twin Sisters;0;216456;15461;14;2003-11-21 00:00:00
2003;Zelary;0;216456;15461;14;2003-11-21 00:00:00
2003;The Lord of the Rings: The Return of the King;1;377027325;2217807;170;2003-12-17 00:00:00
2003;Master and Commander: The Far Side of the World;0;93921256;536692;175;2003-11-14 00:00:00
2003;Pirates of the Caribbean: The Curse of the Black Pearl;0;302977271;2367009;128;2003-07-09 00:00:00
2003;The Lord of the Rings: The Return of the King;1;377027325;2217807;170;2003-12-17 00:00:00
2003;Lost in Translation;0;43217012;263518;164;2003-09-12 00:00:00
2003;Master and Commander: The Far Side of the World;0;93921256;536692;175;2003-11-14 00:00:00
2003;Mystic River;0;90135191;393603;229;2003-10-08 00:00:00
2003;Seabiscuit;0;120170960;903541;133;2003-07-25 00:00:00
2003;Finding Nemo;0;335299448;2890512;116;2003-05-30 00:00:00
2003;Master and Commander: The Far Side of the World;1;93921256;536692;175;2003-11-14 00:00:00
2003;Pirates of the Caribbean: The Curse of the Black Pearl;0;302977271;2367009;128;2003-07-09 00:00:00
2003;The Lord of the Rings: The Return of the King;1;377027325;2217807;170;2003-12-17 00:00:00
2003;Master and Commander: The Far Side of the World;0;93921256;536692;175;2003-11-14 00:00:00
2003;Pirates of the Caribbean: The Curse of the Black Pearl;0;302977271;2367009;128;2003-07-09 00:00:00
2003;American Splendor;0;5604002;93400;60;2003-08-15 00:00:00
2003;City of God;0;4667761;17288;270;2003-01-17 00:00:00
2003;The Lord of the Rings: The Return of the King;1;377027325;2217807;170;2003-12-17 00:00:00
2003;Mystic River;0;90135191;393603;229;2003-10-08 00:00:00
2003;Seabiscuit;0;120170960;903541;133;2003-07-25 00:00:00
2003;The Barbarian Invasions;0;216456;15461;14;2003-11-21 00:00:00
2003;Dirty Pretty Things;0;7718288;87707;88;2003-07-18 00:00:00
2003;Finding Nemo;0;335299448;2890512;116;2003-05-30 00:00:00
2003;In America;0;15518515;91285;170;2003-11-26 00:00:00
2003;Lost in Translation;1;43217012;263518;164;2003-09-12 00:00:00
2004;Hotel Rwanda;0;23530892;183835;128;2004-12-22 00:00:00
2004;Finding Neverland;0;49590262;431219;115;2004-11-12 00:00:00
2004;The Aviator;0;101270465;1002677;101;2004-12-17 00:00:00
2004;Million Dollar Baby;0;100434592;567427;177;2004-12-15 00:00:00
2004;Ray;1;75331600;538082;140;2004-10-29 00:00:00
2004;The Aviator;0;101270465;1002677;101;2004-12-17 00:00:00
2004;Sideways;0;71500193;352217;203;2004-10-22 00:00:00
2004;Collateral;0;100170152;1431002;70;2004-08-06 00:00:00
2004;Million Dollar Baby;1;100434592;567427;177;2004-12-15 00:00:00
2004;Closer;0;33987757;465585;73;2004-12-03 00:00:00
2004;Being Julia;0;392702;39270;10;2004-10-15 00:00:00
2004;Maria Full of Grace;0;2605693;84054;31;2004-07-16 00:00:00
2004;Vera Drake;0;788198;32841;24;2004-10-08 00:00:00
2004;Million Dollar Baby;1;100434592;567427;177;2004-12-15 00:00:00
2004;Eternal Sunshine of the Spotless Mind;0;33745508;421818;80;2004-03-19 00:00:00
2004;The Aviator;1;101270465;1002677;101;2004-12-17 00:00:00
2004;Kinsey;0;10254979;73249;140;2004-11-12 00:00:00
2004;Sideways;0;71500193;352217;203;2004-10-22 00:00:00
2004;Hotel Rwanda;0;23530892;183835;128;2004-12-22 00:00:00
2004;Closer;0;33987757;465585;73;2004-12-03 00:00:00
2004;The Aviator;1;101270465;1002677;101;2004-12-17 00:00:00
2004;Finding Neverland;0;49590262;431219;115;2004-11-12 00:00:00
2004;Lemony Snicket's A Series of Unfortunate Events;0;118634549;891989;133;2004-12-17 00:00:00
2004;The Phantom of the Opera;0;51234413;360805;142;2004-12-22 00:00:00
2004;A Very Long Engagement;0;6200009;63265;98;2004-11-26 00:00:00
2004;The Aviator;1;101270465;1002677;101;2004-12-17 00:00:00
2004;House of Flying Daggers;0;8238000;164760;50;2004-12-03 00:00:00
2004;The Passion of the Christ;0;369895388;3591217;103;2004-02-25 00:00:00
2004;The Phantom of the Opera;0;51234413;360805;142;2004-12-22 00:00:00
2004;A Very Long Engagement;0;6200009;63265;98;2004-11-26 00:00:00
2004;The Aviator;1;101270465;1002677;101;2004-12-17 00:00:00
2004;Finding Neverland;0;49590262;431219;115;2004-11-12 00:00:00
2004;Lemony Snicket's A Series of Unfortunate Events;0;118634549;891989;133;2004-12-17 00:00:00
2004;Ray;0;75331600;538082;140;2004-10-29 00:00:00
2004;Troy;0;133259341;1359789;98;2004-05-14 00:00:00
2004;The Aviator;0;101270465;1002677;101;2004-12-17 00:00:00
2004;Million Dollar Baby;1;100434592;567427;177;2004-12-15 00:00:00
2004;Ray;0;75331600;538082;140;2004-10-29 00:00:00
2004;Sideways;0;71500193;352217;203;2004-10-22 00:00:00
2004;Vera Drake;0;788198;32841;24;2004-10-08 00:00:00
2004;The Aviator;1;101270465;1002677;101;2004-12-17 00:00:00
2004;Collateral;0;100170152;1431002;70;2004-08-06 00:00:00
2004;Finding Neverland;0;49590262;431219;115;2004-11-12 00:00:00
2004;Million Dollar Baby;0;100434592;567427;177;2004-12-15 00:00:00
2004;Ray;0;75331600;538082;140;2004-10-29 00:00:00
2004;As It Is in Heaven;0;75331600;538082;140;2004-10-29 00:00:00
2004;The Chorus (Les Choristes);0;75331600;538082;140;2004-10-29 00:00:00
2004;Downfall;0;75331600;538082;140;2004-10-29 00:00:00
2004;The Sea Inside;1;;;;2004-12-17 00:00:00
2004;Yesterday;0;;;;2004-12-17 00:00:00
2004;Lemony Snicket's A Series of Unfortunate Events;1;118634549;891989;133;2004-12-17 00:00:00
2004;The Passion of the Christ;0;369895388;3591217;103;2004-02-25 00:00:00
2004;The Sea Inside;0;;;;2004-12-17 00:00:00
2004;The Aviator;0;101270465;1002677;101;2004-12-17 00:00:00
2004;Finding Neverland;0;49590262;431219;115;2004-11-12 00:00:00
2004;Million Dollar Baby;1;100434592;567427;177;2004-12-15 00:00:00
2004;Ray;0;75331600;538082;140;2004-10-29 00:00:00
2004;Sideways;0;71500193;352217;203;2004-10-22 00:00:00
2004;The Incredibles;1;256887647;3336203;77;2004-11-05 00:00:00
2004;The Polar Express;0;162775358;1345250;121;2004-11-10 00:00:00
2004;Spider-Man 2;0;373377893;2705636;138;2004-06-30 00:00:00
2004;Harry Potter and the Prisoner of Azkaban;0;249367187;1619267;154;2004-06-04 00:00:00
2004;I, Robot;0;144763065;984782;147;2004-07-16 00:00:00
2004;Spider-Man 2;1;373377893;2705636;138;2004-06-30 00:00:00
2004;Before Sunset;0;5802923;48764;119;2004-07-02 00:00:00
2004;Finding Neverland;0;49590262;431219;115;2004-11-12 00:00:00
2004;Million Dollar Baby;0;100434592;567427;177;2004-12-15 00:00:00
2004;The Motorcycle Diaries;0;12733850;215827;59;2004-09-24 00:00:00
2004;Sideways;1;71500193;352217;203;2004-10-22 00:00:00
2004;The Aviator;0;101270465;1002677;101;2004-12-17 00:00:00
2004;Eternal Sunshine of the Spotless Mind;1;33745508;421818;80;2004-03-19 00:00:00
2004;Hotel Rwanda;0;23530892;183835;128;2004-12-22 00:00:00
2004;The Incredibles;0;256887647;3336203;77;2004-11-05 00:00:00
2004;Vera Drake;0;788198;32841;24;2004-10-08 00:00:00
2005;Capote;1;28028008;160160;175;2005-09-30 00:00:00
2005;Hustle & Flow;0;28028008;160160;175;2005-09-30 00:00:00
2005;Brokeback Mountain;0;82742798;738774;112;2005-12-09 00:00:00
2005;Walk the Line;0;119514920;742328;161;2005-11-18 00:00:00
2005;Good Night, and Good Luck.;0;31558003;196012;161;2005-10-07 00:00:00
2005;Syriana;1;50824620;341104;149;2005-11-23 00:00:00
2005;Crash;0;54580300;173270;315;2005-05-06 00:00:00
2005;Cinderella Man;0;61649911;326190;189;2005-06-03 00:00:00
2005;Brokeback Mountain;0;82742798;738774;112;2005-12-09 00:00:00
2005;A History of Violence;0;30524394;587007;52;2005-09-23 00:00:00
2005;Mrs. Henderson Presents;0;11036366;63064;175;2005-12-09 00:00:00
2005;Transamerica;0;9015303;49534;182;2005-12-02 00:00:00
2005;Pride & Prejudice;0;9015303;49534;182;2005-12-02 00:00:00
2005;North Country;0;18337722;218306;84;2005-10-21 00:00:00
2005;Walk the Line;1;119514920;742328;161;2005-11-18 00:00:00
2005;Junebug;0;;;;2005-08-03 00:00:00
2005;Capote;0;28028008;160160;175;2005-09-30 00:00:00
2005;North Country;0;18337722;218306;84;2005-10-21 00:00:00
2005;The Constant Gardener;1;32109493;683180;47;2005-08-31 00:00:00
2005;Brokeback Mountain;0;82742798;738774;112;2005-12-09 00:00:00
2005;Good Night, and Good Luck.;0;31558003;196012;161;2005-10-07 00:00:00
2005;Harry Potter and the Goblet of Fire;0;290013036;2071521;140;2005-11-18 00:00:00
2005;King Kong;0;218080025;1912982;114;2005-12-14 00:00:00
2005;Memoirs of a Geisha;1;57010853;606498;94;2005-12-09 00:00:00
2005;Pride & Prejudice;0;57010853;606498;94;2005-12-09 00:00:00
2005;Batman Begins;0;205343774;1487998;138;2005-06-15 00:00:00
2005;Brokeback Mountain;0;82742798;738774;112;2005-12-09 00:00:00
2005;Good Night, and Good Luck.;0;31558003;196012;161;2005-10-07 00:00:00
2005;Memoirs of a Geisha;1;57010853;606498;94;2005-12-09 00:00:00
2005;The New World;0;7834330;217620;36;2005-12-25 00:00:00
2005;Charlie and the Chocolate Factory;0;206459076;1404483;147;2005-07-15 00:00:00
2005;Memoirs of a Geisha;1;57010853;606498;94;2005-12-09 00:00:00
2005;Mrs. Henderson Presents;0;11036366;63064;175;2005-12-09 00:00:00
2005;Pride & Prejudice;0;11036366;63064;175;2005-12-09 00:00:00
2005;Walk the Line;0;119514920;742328;161;2005-11-18 00:00:00
2005;Brokeback Mountain;1;82742798;738774;112;2005-12-09 00:00:00
2005;Capote;0;28028008;160160;175;2005-09-30 00:00:00
2005;Crash;0;54580300;173270;315;2005-05-06 00:00:00
2005;Good Night, and Good Luck.;0;31558003;196012;161;2005-10-07 00:00:00
2005;Munich;0;47403685;483711;98;2005-12-23 00:00:00
2005;Cinderella Man;0;61649911;326190;189;2005-06-03 00:00:00
2005;The Constant Gardener;0;32109493;683180;47;2005-08-31 00:00:00
2005;Crash;1;54580300;173270;315;2005-05-06 00:00:00
2005;Munich;0;47403685;483711;98;2005-12-23 00:00:00
2005;Walk the Line;0;119514920;742328;161;2005-11-18 00:00:00
2005;Don't Tell;0;119514920;742328;161;2005-11-18 00:00:00
2005;Joyeux Noël;0;119514920;742328;161;2005-11-18 00:00:00
2005;Paradise Now;0;1457843;9917;147;2005-10-28 00:00:00
2005;Sophie Scholl - The Final Days;0;1457843;9917;147;2005-10-28 00:00:00
2005;Tsotsi;1;1457843;9917;147;2005-10-28 00:00:00
2005;The Chronicles of Narnia: The Lion, the Witch and the Wardrobe;1;287482269;3733535;77;2005-12-09 00:00:00
2005;Cinderella Man;0;61649911;326190;189;2005-06-03 00:00:00
2005;Star Wars: Episode III Revenge of the Sith;0;61649911;326190;189;2005-06-03 00:00:00
2005;Brokeback Mountain;0;82742798;738774;112;2005-12-09 00:00:00
2005;Capote;0;28028008;160160;175;2005-09-30 00:00:00
2005;Crash;1;54580300;173270;315;2005-05-06 00:00:00
2005;Good Night, and Good Luck.;0;31558003;196012;161;2005-10-07 00:00:00
2005;Munich;0;47403685;483711;98;2005-12-23 00:00:00
2005;King Kong;1;218080025;1912982;114;2005-12-14 00:00:00
2005;Memoirs of a Geisha;0;57010853;606498;94;2005-12-09 00:00:00
2005;War of the Worlds;0;234280354;1593743;147;2005-06-29 00:00:00
2005;The Chronicles of Narnia: The Lion, the Witch and the Wardrobe;0;287482269;3733535;77;2005-12-09 00:00:00
2005;King Kong;1;218080025;1912982;114;2005-12-14 00:00:00
2005;War of the Worlds;0;234280354;1593743;147;2005-06-29 00:00:00
2005;Brokeback Mountain;1;82742798;738774;112;2005-12-09 00:00:00
2005;Capote;0;28028008;160160;175;2005-09-30 00:00:00
2005;The Constant Gardener;0;32109493;683180;47;2005-08-31 00:00:00
2005;A History of Violence;0;30524394;587007;52;2005-09-23 00:00:00
2005;Munich;0;47403685;483711;98;2005-12-23 00:00:00
2005;Crash;1;54580300;173270;315;2005-05-06 00:00:00
2005;Good Night, and Good Luck.;0;31558003;196012;161;2005-10-07 00:00:00
2005;Match Point;0;23151529;269203;86;2005-12-28 00:00:00
2005;The Squid and the Whale;0;2787794;59314;47;2005-10-05 00:00:00
2005;Syriana;0;50824620;341104;149;2005-11-23 00:00:00
2006;Blood Diamond;0;57377916;455380;126;2006-12-08 00:00:00
2006;Half Nelson;0;;;;2006-08-11 00:00:00
2006;Venus;0;5763;5763;1;2006-12-21 00:00:00
2006;The Pursuit of Happyness;0;162586036;2227205;73;2006-12-15 00:00:00
2006;The Last King of Scotland;1;17584817;80295;219;2006-09-27 00:00:00
2006;Little Miss Sunshine;1;59889703;249540;240;2006-07-26 00:00:00
2006;Little Children;0;1056474;34079;31;2006-10-06 00:00:00
2006;Blood Diamond;0;57377916;455380;126;2006-12-08 00:00:00
2006;Dreamgirls;0;103365956;820364;126;2006-12-15 00:00:00
2006;The Departed;0;132384315;788001;168;2006-10-06 00:00:00
2006;Volver;0;10366281;105778;98;2006-11-03 00:00:00
2006;Notes on a Scandal;0;17493725;142225;123;2006-12-25 00:00:00
2006;The Queen;1;55885355;321180;174;2006-09-30 00:00:00
2006;The Devil Wears Prada;0;124724787;809901;154;2006-06-30 00:00:00
2006;Little Children;0;1056474;34079;31;2006-10-06 00:00:00
2006;Babel;0;34302837;222745;154;2006-10-27 00:00:00
2006;Notes on a Scandal;0;17493725;142225;123;2006-12-25 00:00:00
2006;Little Miss Sunshine;0;59889703;249540;240;2006-07-26 00:00:00
2006;Dreamgirls;1;103365956;820364;126;2006-12-15 00:00:00
2006;Babel;0;34302837;222745;154;2006-10-27 00:00:00
2006;Dreamgirls;0;103365956;820364;126;2006-12-15 00:00:00
2006;The Good Shepherd;0;59908565;778033;77;2006-12-22 00:00:00
2006;Pan's Labyrinth;1;37634615;224015;168;2006-12-29 00:00:00
2006;Pirates of the Caribbean: Dead Man's Chest;0;419866407;4998409;84;2006-07-07 00:00:00
2006;The Prestige;0;51303155;1221503;42;2006-10-20 00:00:00
2006;The Black Dahlia;0;22545080;536787;42;2006-09-15 00:00:00
2006;Children of Men;0;35327768;436145;81;2006-12-25 00:00:00
2006;The Illusionist;0;39868642;219058;182;2006-08-18 00:00:00
2006;Pan's Labyrinth;1;37634615;224015;168;2006-12-29 00:00:00
2006;The Prestige;0;51303155;1221503;42;2006-10-20 00:00:00
2006;Curse of the Golden Flower;0;6108441;169678;36;2006-12-21 00:00:00
2006;The Devil Wears Prada;0;124724787;809901;154;2006-06-30 00:00:00
2006;Dreamgirls;0;103365956;820364;126;2006-12-15 00:00:00
2006;Marie Antoinette;1;15962471;354721;45;2006-10-20 00:00:00
2006;The Queen;0;55885355;321180;174;2006-09-30 00:00:00
2006;Babel;0;34302837;222745;154;2006-10-27 00:00:00
2006;The Departed;1;132384315;788001;168;2006-10-06 00:00:00
2006;Letters from Iwo Jima;0;13756082;107469;128;2006-12-20 00:00:00
2006;The Queen;0;55885355;321180;174;2006-09-30 00:00:00
2006;United 93;0;31483450;449763;70;2006-04-28 00:00:00
2006;Babel;0;34302837;222745;154;2006-10-27 00:00:00
2006;Blood Diamond;0;57377916;455380;126;2006-12-08 00:00:00
2006;Children of Men;0;35327768;436145;81;2006-12-25 00:00:00
2006;The Departed;1;132384315;788001;168;2006-10-06 00:00:00
2006;United 93;0;31483450;449763;70;2006-04-28 00:00:00
2006;After the Wedding;0;31483450;449763;70;2006-04-28 00:00:00
2006;Days of Glory (Indigènes);0;31483450;449763;70;2006-04-28 00:00:00
2006;The Lives of Others;1;31483450;449763;70;2006-04-28 00:00:00
2006;Pan's Labyrinth;0;37634615;224015;168;2006-12-29 00:00:00
2006;Water;0;3209671;26972;119;2006-04-28 00:00:00
2006;Apocalypto;0;50300345;898220;56;2006-12-08 00:00:00
2006;Click;0;137340146;1461065;94;2006-06-23 00:00:00
2006;Pan's Labyrinth;1;37634615;224015;168;2006-12-29 00:00:00
2006;Babel;0;34302837;222745;154;2006-10-27 00:00:00
2006;The Departed;1;132384315;788001;168;2006-10-06 00:00:00
2006;Letters from Iwo Jima;0;13756082;107469;128;2006-12-20 00:00:00
2006;Little Miss Sunshine;0;59889703;249540;240;2006-07-26 00:00:00
2006;The Queen;0;55885355;321180;174;2006-09-30 00:00:00
2006;Apocalypto;0;50300345;898220;56;2006-12-08 00:00:00
2006;Blood Diamond;0;57377916;455380;126;2006-12-08 00:00:00
2006;Flags of Our Fathers;0;33602376;600042;56;2006-10-20 00:00:00
2006;Letters from Iwo Jima;1;13756082;107469;128;2006-12-20 00:00:00
2006;Pirates of the Caribbean: Dead Man's Chest;0;419866407;4998409;84;2006-07-07 00:00:00
2006;Pirates of the Caribbean: Dead Man's Chest;1;419866407;4998409;84;2006-07-07 00:00:00
2006;Poseidon;0;60674817;666756;91;2006-05-12 00:00:00
2006;Superman Returns;0;200081192;1563134;128;2006-06-28 00:00:00
2006;Borat Cultural Learnings of America for Make Benefit Glorious Nation of Kazakhstan;0;200081192;1563134;128;2006-06-28 00:00:00
2006;Children of Men;0;35327768;436145;81;2006-12-25 00:00:00
2006;The Departed;1;132384315;788001;168;2006-10-06 00:00:00
2006;Little Children;0;1056474;34079;31;2006-10-06 00:00:00
2006;Notes on a Scandal;0;17493725;142225;123;2006-12-25 00:00:00
2006;Babel;0;34302837;222745;154;2006-10-27 00:00:00
2006;Letters from Iwo Jima;0;13756082;107469;128;2006-12-20 00:00:00
2006;Little Miss Sunshine;1;59889703;249540;240;2006-07-26 00:00:00
2006;Pan's Labyrinth;0;37634615;224015;168;2006-12-29 00:00:00
2006;The Queen;0;55885355;321180;174;2006-09-30 00:00:00
2007;Michael Clayton;0;49033882;291868;168;2007-10-05 00:00:00
2007;There Will Be Blood;1;40222514;314238;128;2007-12-26 00:00:00
2007;Sweeney Todd The Demon Barber of Fleet Street;0;40222514;314238;128;2007-12-26 00:00:00
2007;In the Valley of Elah;0;6777741;42097;161;2007-09-14 00:00:00
2007;Eastern Promises;0;17181265;350638;49;2007-09-14 00:00:00
2007;The Assassination of Jesse James by the Coward Robert Ford;0;3909149;29392;133;2007-09-21 00:00:00
2007;No Country for Old Men;1;74223625;519046;143;2007-11-09 00:00:00
2007;Charlie Wilson's War;0;66661095;865728;77;2007-12-21 00:00:00
2007;Into the Wild;0;18354356;97112;189;2007-09-21 00:00:00
2007;Michael Clayton;0;49033882;291868;168;2007-10-05 00:00:00
2007;Elizabeth: The Golden Age;0;16285240;332351;49;2007-10-12 00:00:00
2007;Away from Her;0;4571521;59370;77;2007-05-04 00:00:00
2007;La Vie en Rose;1;10301706;33447;308;2007-06-08 00:00:00
2007;The Savages;0;6515688;53848;121;2007-11-28 00:00:00
2007;Juno;0;143454918;843852;170;2007-12-05 00:00:00
2007;I'm Not There;0;4017609;37547;107;2007-11-21 00:00:00
2007;American Gangster;0;130164645;1430380;91;2007-11-02 00:00:00
2007;Atonement;0;50927067;404183;126;2007-12-07 00:00:00
2007;Gone Baby Gone;0;20058143;358181;56;2007-10-19 00:00:00
2007;Michael Clayton;1;49033882;291868;168;2007-10-05 00:00:00
2007;American Gangster;0;130164645;1430380;91;2007-11-02 00:00:00
2007;Atonement;0;50927067;404183;126;2007-12-07 00:00:00
2007;The Golden Compass;0;68530210;1398575;49;2007-12-07 00:00:00
2007;Sweeney Todd The Demon Barber of Fleet Street;1;68530210;1398575;49;2007-12-07 00:00:00
2007;There Will Be Blood;0;40222514;314238;128;2007-12-26 00:00:00
2007;The Assassination of Jesse James by the Coward Robert Ford;0;3909149;29392;133;2007-09-21 00:00:00
2007;Atonement;0;50927067;404183;126;2007-12-07 00:00:00
2007;The Diving Bell and the Butterfly;0;5021124;59775;84;2007-11-30 00:00:00
2007;No Country for Old Men;0;74223625;519046;143;2007-11-09 00:00:00
2007;There Will Be Blood;1;40222514;314238;128;2007-12-26 00:00:00
2007;Across the Universe;0;24343673;279812;87;2007-09-14 00:00:00
2007;Atonement;0;50927067;404183;126;2007-12-07 00:00:00
2007;Elizabeth: The Golden Age;1;16285240;332351;49;2007-10-12 00:00:00
2007;La Vie en Rose;0;10301706;33447;308;2007-06-08 00:00:00
2007;Sweeney Todd The Demon Barber of Fleet Street;0;10301706;33447;308;2007-06-08 00:00:00
2007;The Diving Bell and the Butterfly;0;5021124;59775;84;2007-11-30 00:00:00
2007;Juno;0;143454918;843852;170;2007-12-05 00:00:00
2007;Michael Clayton;0;49033882;291868;168;2007-10-05 00:00:00
2007;No Country for Old Men;1;74223625;519046;143;2007-11-09 00:00:00
2007;There Will Be Blood;0;40222514;314238;128;2007-12-26 00:00:00
2007;The Bourne Ultimatum;1;227471070;1911521;119;2007-08-03 00:00:00
2007;The Diving Bell and the Butterfly;0;5021124;59775;84;2007-11-30 00:00:00
2007;Into the Wild;0;18354356;97112;189;2007-09-21 00:00:00
2007;No Country for Old Men;0;74223625;519046;143;2007-11-09 00:00:00
2007;There Will Be Blood;0;40222514;314238;128;2007-12-26 00:00:00
2007;Beaufort;0;40222514;314238;128;2007-12-26 00:00:00
2007;The Counterfeiters;1;40222514;314238;128;2007-12-26 00:00:00
2007;Katyn;0;40222514;314238;128;2007-12-26 00:00:00
2007;Mongol;0;40222514;314238;128;2007-12-26 00:00:00
2007;12;0;40222514;314238;128;2007-12-26 00:00:00
2007;La Vie en Rose;1;10301706;33447;308;2007-06-08 00:00:00
2007;Norbit;0;95360247;1135241;84;2007-02-09 00:00:00
2007;Pirates of the Caribbean: At World's End;0;306483088;4864810;63;2007-05-25 00:00:00
2007;Atonement;0;50927067;404183;126;2007-12-07 00:00:00
2007;Juno;0;143454918;843852;170;2007-12-05 00:00:00
2007;Michael Clayton;0;49033882;291868;168;2007-10-05 00:00:00
2007;No Country for Old Men;1;74223625;519046;143;2007-11-09 00:00:00
2007;There Will Be Blood;0;40222514;314238;128;2007-12-26 00:00:00
2007;The Bourne Ultimatum;1;227471070;1911521;119;2007-08-03 00:00:00
2007;No Country for Old Men;0;74223625;519046;143;2007-11-09 00:00:00
2007;Ratatouille;0;201423520;2877478;70;2007-06-29 00:00:00
2007;There Will Be Blood;0;40222514;314238;128;2007-12-26 00:00:00
2007;Transformers;0;319071806;2473424;129;2007-07-03 00:00:00
2007;The Golden Compass;1;68530210;1398575;49;2007-12-07 00:00:00
2007;Pirates of the Caribbean: At World's End;0;306483088;4864810;63;2007-05-25 00:00:00
2007;Transformers;0;319071806;2473424;129;2007-07-03 00:00:00
2007;Atonement;0;50927067;404183;126;2007-12-07 00:00:00
2007;Away from Her;0;4571521;59370;77;2007-05-04 00:00:00
2007;The Diving Bell and the Butterfly;0;5021124;59775;84;2007-11-30 00:00:00
2007;No Country for Old Men;1;74223625;519046;143;2007-11-09 00:00:00
2007;There Will Be Blood;0;40222514;314238;128;2007-12-26 00:00:00
2007;Juno;1;143454918;843852;170;2007-12-05 00:00:00
2007;Lars and the Real Girl;0;5956480;40520;147;2007-10-12 00:00:00
2007;Michael Clayton;0;49033882;291868;168;2007-10-05 00:00:00
2007;Ratatouille;0;201423520;2877478;70;2007-06-29 00:00:00
2007;The Savages;0;6515688;53848;121;2007-11-28 00:00:00
2008;The Visitor;0;9427089;51797;182;2008-04-11 00:00:00
2008;Frost/Nixon;0;18622031;166268;112;2008-12-05 00:00:00
2008;Milk;1;31841299;224234;142;2008-11-26 00:00:00
2008;The Curious Case of Benjamin Button;0;127509326;1062577;120;2008-12-25 00:00:00
2008;The Wrestler;0;26232937;184738;142;2008-12-17 00:00:00
2008;Milk;0;31841299;224234;142;2008-11-26 00:00:00
2008;Tropic Thunder;0;110461307;1187755;93;2008-08-13 00:00:00
2008;Doubt;0;33446470;281062;119;2008-12-12 00:00:00
2008;The Dark Knight;1;533345358;2308854;231;2008-07-18 00:00:00
2008;Revolutionary Road;0;22911480;233790;98;2008-12-26 00:00:00
2008;Rachel Getting Married;0;10758023;98697;109;2008-10-03 00:00:00
2008;Changeling;0;35739802;464153;77;2008-10-24 00:00:00
2008;Frozen River;0;;;;2008-08-01 00:00:00
2008;Doubt;0;33446470;281062;119;2008-12-12 00:00:00
2008;The Reader;1;34194407;220609;155;2008-12-10 00:00:00
2008;Doubt;0;33446470;281062;119;2008-12-12 00:00:00
2008;Vicky Cristina Barcelona;1;23216709;122839;189;2008-08-15 00:00:00
2008;Doubt;0;33446470;281062;119;2008-12-12 00:00:00
2008;The Curious Case of Benjamin Button;0;127509326;1062577;120;2008-12-25 00:00:00
2008;The Wrestler;0;26232937;184738;142;2008-12-17 00:00:00
2008;Changeling;0;35739802;464153;77;2008-10-24 00:00:00
2008;The Curious Case of Benjamin Button;1;127509326;1062577;120;2008-12-25 00:00:00
2008;The Dark Knight;0;533345358;2308854;231;2008-07-18 00:00:00
2008;The Duchess;0;13848978;164868;84;2008-09-19 00:00:00
2008;Revolutionary Road;0;22911480;233790;98;2008-12-26 00:00:00
2008;Changeling;0;35739802;464153;77;2008-10-24 00:00:00
2008;The Curious Case of Benjamin Button;0;127509326;1062577;120;2008-12-25 00:00:00
2008;The Dark Knight;0;533345358;2308854;231;2008-07-18 00:00:00
2008;The Reader;0;34194407;220609;155;2008-12-10 00:00:00
2008;Slumdog Millionaire;1;141313054;739858;191;2008-11-12 00:00:00
2008;Australia;0;49534424;462938;107;2008-11-26 00:00:00
2008;The Curious Case of Benjamin Button;0;127509326;1062577;120;2008-12-25 00:00:00
2008;The Duchess;1;13848978;164868;84;2008-09-19 00:00:00
2008;Milk;0;31841299;224234;142;2008-11-26 00:00:00
2008;Revolutionary Road;0;22911480;233790;98;2008-12-26 00:00:00
2008;The Curious Case of Benjamin Button;0;127509326;1062577;120;2008-12-25 00:00:00
2008;Frost/Nixon;0;18622031;166268;112;2008-12-05 00:00:00
2008;Milk;0;31841299;224234;142;2008-11-26 00:00:00
2008;The Reader;0;34194407;220609;155;2008-12-10 00:00:00
2008;Slumdog Millionaire;1;141313054;739858;191;2008-11-12 00:00:00
2008;The Curious Case of Benjamin Button;0;127509326;1062577;120;2008-12-25 00:00:00
2008;The Dark Knight;0;533345358;2308854;231;2008-07-18 00:00:00
2008;Frost/Nixon;0;18622031;166268;112;2008-12-05 00:00:00
2008;Milk;0;31841299;224234;142;2008-11-26 00:00:00
2008;Slumdog Millionaire;1;141313054;739858;191;2008-11-12 00:00:00
2008;The Baader Meinhof Complex;0;141313054;739858;191;2008-11-12 00:00:00
2008;The Class;0;;;;2008-12-19 00:00:00
2008;Departures;1;;;;2008-12-19 00:00:00
2008;Revanche;0;;;;2008-12-19 00:00:00
2008;Waltz with Bashir;0;;;;2008-12-25 00:00:00
2008;The Curious Case of Benjamin Button;1;127509326;1062577;120;2008-12-25 00:00:00
2008;The Dark Knight;0;533345358;2308854;231;2008-07-18 00:00:00
2008;Hellboy II: The Golden Army;0;75791785;1082739;70;2008-07-11 00:00:00
2008;The Curious Case of Benjamin Button;0;127509326;1062577;120;2008-12-25 00:00:00
2008;Frost/Nixon;0;18622031;166268;112;2008-12-05 00:00:00
2008;Milk;0;31841299;224234;142;2008-11-26 00:00:00
2008;The Reader;0;34194407;220609;155;2008-12-10 00:00:00
2008;Slumdog Millionaire;1;141313054;739858;191;2008-11-12 00:00:00
2008;The Dark Knight;1;533345358;2308854;231;2008-07-18 00:00:00
2008;Iron Man;0;318604126;1978907;161;2008-05-02 00:00:00
2008;Slumdog Millionaire;0;141313054;739858;191;2008-11-12 00:00:00
2008;WALL-E;0;223799741;1184125;189;2008-06-27 00:00:00
2008;Wanted;0;134327125;1599132;84;2008-06-27 00:00:00
2008;The Curious Case of Benjamin Button;1;127509326;1062577;120;2008-12-25 00:00:00
2008;The Dark Knight;0;533345358;2308854;231;2008-07-18 00:00:00
2008;Iron Man;0;318604126;1978907;161;2008-05-02 00:00:00
2008;The Curious Case of Benjamin Button;0;127509326;1062577;120;2008-12-25 00:00:00
2008;Doubt;0;33446470;281062;119;2008-12-12 00:00:00
2008;Frost/Nixon;0;18622031;166268;112;2008-12-05 00:00:00
2008;The Reader;0;34194407;220609;155;2008-12-10 00:00:00
2008;Slumdog Millionaire;1;141313054;739858;191;2008-11-12 00:00:00
2008;Frozen River;0;;;;2008-08-01 00:00:00
2008;Happy-Go-Lucky;0;3512016;33447;105;2008-10-10 00:00:00
2008;In Bruges;0;7800824;55720;140;2008-02-08 00:00:00
2008;Milk;1;31841299;224234;142;2008-11-26 00:00:00
2008;WALL-E;0;223799741;1184125;189;2008-06-27 00:00:00
2009;Crazy Heart;1;39458875;242078;163;2009-12-16 00:00:00
2009;Up in the Air;0;83823381;665264;126;2009-12-04 00:00:00
2009;A Single Man;0;9152334;72637;126;2009-12-11 00:00:00
2009;Invictus;0;37491364;357060;105;2009-12-11 00:00:00
2009;The Hurt Locker;0;12671105;86197;147;2009-06-26 00:00:00
2009;Invictus;0;37491364;357060;105;2009-12-11 00:00:00
2009;The Messenger;0;;;;2009-11-13 00:00:00
2009;The Last Station;0;;;;2009-11-13 00:00:00
2009;The Lovely Bones;0;44028238;449267;98;2009-12-11 00:00:00
2009;Inglourious Basterds;1;120540719;1012947;119;2009-08-21 00:00:00
2009;The Blind Side;1;255951749;1406328;182;2009-11-20 00:00:00
2009;The Last Station;0;255951749;1406328;182;2009-11-20 00:00:00
2009;An Education;0;;;;2009-10-09 00:00:00
2009;Precious: Based on the Novel 'Push' by Sapphire;0;;;;2009-10-09 00:00:00
2009;Julie & Julia;0;94125426;818481;115;2009-08-07 00:00:00
2009;Nine;0;19670243;234169;84;2009-12-18 00:00:00
2009;Up in the Air;0;83823381;665264;126;2009-12-04 00:00:00
2009;Crazy Heart;0;39458875;242078;163;2009-12-16 00:00:00
2009;Up in the Air;0;83823381;665264;126;2009-12-04 00:00:00
2009;Precious: Based on the Novel 'Push' by Sapphire;1;83823381;665264;126;2009-12-04 00:00:00
2009;Avatar;1;749766139;3204128;234;2009-12-18 00:00:00
2009;The Imaginarium of Doctor Parnassus;0;;;;2009-12-25 00:00:00
2009;Nine;0;19670243;234169;84;2009-12-18 00:00:00
2009;Sherlock Holmes;0;209028679;1658957;126;2009-12-25 00:00:00
2009;The Young Victoria;0;11001272;82716;133;2009-12-18 00:00:00
2009;Avatar;1;749766139;3204128;234;2009-12-18 00:00:00
2009;Harry Potter and the Half-Blood Prince;0;301959197;1935635;156;2009-07-15 00:00:00
2009;The Hurt Locker;0;12671105;86197;147;2009-06-26 00:00:00
2009;Inglourious Basterds;0;120540719;1012947;119;2009-08-21 00:00:00
2009;The White Ribbon;0;;;;2009-12-30 00:00:00
2009;Bright Star;0;4444637;51681;86;2009-09-16 00:00:00
2009;Coco before Chanel;0;4444637;51681;86;2009-09-16 00:00:00
2009;The Imaginarium of Doctor Parnassus;0;;;;2009-12-25 00:00:00
2009;Nine;0;19670243;234169;84;2009-12-18 00:00:00
2009;The Young Victoria;1;11001272;82716;133;2009-12-18 00:00:00
2009;Avatar;0;749766139;3204128;234;2009-12-18 00:00:00
2009;The Hurt Locker;1;12671105;86197;147;2009-06-26 00:00:00
2009;Inglourious Basterds;0;120540719;1012947;119;2009-08-21 00:00:00
2009;Precious: Based on the Novel 'Push' by Sapphire;0;120540719;1012947;119;2009-08-21 00:00:00
2009;Up in the Air;0;83823381;665264;126;2009-12-04 00:00:00
2009;Avatar;0;749766139;3204128;234;2009-12-18 00:00:00
2009;District 9;0;115646235;1445577;80;2009-08-14 00:00:00
2009;The Hurt Locker;1;12671105;86197;147;2009-06-26 00:00:00
2009;Inglourious Basterds;0;120540719;1012947;119;2009-08-21 00:00:00
2009;Precious: Based on the Novel 'Push' by Sapphire;0;120540719;1012947;119;2009-08-21 00:00:00
2009;Ajami;0;120540719;1012947;119;2009-08-21 00:00:00
2009;The Milk of Sorrow;0;120540719;1012947;119;2009-08-21 00:00:00
2009;A Prophet;0;120540719;1012947;119;2009-08-21 00:00:00
2009;The Secret in Their Eyes;1;120540719;1012947;119;2009-08-21 00:00:00
2009;The White Ribbon;0;;;;2009-12-30 00:00:00
2009;Il Divo;0;;;;2009-04-24 00:00:00
2009;Star Trek;1;257730019;1753265;147;2009-05-08 00:00:00
2009;The Young Victoria;0;11001272;82716;133;2009-12-18 00:00:00
2009;Avatar;0;749766139;3204128;234;2009-12-18 00:00:00
2009;The Blind Side;0;255951749;1406328;182;2009-11-20 00:00:00
2009;District 9;0;115646235;1445577;80;2009-08-14 00:00:00
2009;An Education;0;;;;2009-10-09 00:00:00
2009;The Hurt Locker;1;12671105;86197;147;2009-06-26 00:00:00
2009;Inglourious Basterds;0;120540719;1012947;119;2009-08-21 00:00:00
2009;Precious: Based on the Novel 'Push' by Sapphire;0;120540719;1012947;119;2009-08-21 00:00:00
2009;A Serious Man;0;9228768;94171;98;2009-10-02 00:00:00
2009;Up;0;290866563;2851632;102;2009-05-29 00:00:00
2009;Up in the Air;0;83823381;665264;126;2009-12-04 00:00:00
2009;Avatar;0;749766139;3204128;234;2009-12-18 00:00:00
2009;The Hurt Locker;1;12671105;86197;147;2009-06-26 00:00:00
2009;Inglourious Basterds;0;120540719;1012947;119;2009-08-21 00:00:00
2009;Star Trek;0;257730019;1753265;147;2009-05-08 00:00:00
2009;Up;0;290866563;2851632;102;2009-05-29 00:00:00
2009;Avatar;1;749766139;3204128;234;2009-12-18 00:00:00
2009;District 9;0;115646235;1445577;80;2009-08-14 00:00:00
2009;Star Trek;0;257730019;1753265;147;2009-05-08 00:00:00
2009;District 9;0;115646235;1445577;80;2009-08-14 00:00:00
2009;An Education;0;;;;2009-10-09 00:00:00
2009;In the Loop;0;;;;2009-07-24 00:00:00
2009;Precious: Based on the Novel 'Push' by Sapphire;1;;;;2009-07-24 00:00:00
2009;Up in the Air;0;83823381;665264;126;2009-12-04 00:00:00
2009;The Hurt Locker;1;12671105;86197;147;2009-06-26 00:00:00
2009;Inglourious Basterds;0;120540719;1012947;119;2009-08-21 00:00:00
2009;The Messenger;0;;;;2009-11-13 00:00:00
2009;A Serious Man;0;9228768;94171;98;2009-10-02 00:00:00
2009;Up;0;290866563;2851632;102;2009-05-29 00:00:00
2010;Biutiful;0;290866563;2851632;102;2009-05-29 00:00:00
2010;True Grit;0;171050328;1336330;128;2010-12-22 00:00:00
2010;The Social Network;0;96962694;629627;154;2010-10-01 00:00:00
2010;The King's Speech;1;135453143;1075024;126;2010-11-26 00:00:00
2010;127 Hours;0;18292814;130662;140;2010-11-05 00:00:00
2010;The Fighter;1;93617009;835866;112;2010-12-10 00:00:00
2010;Winter's Bone;0;6531503;20800;314;2010-06-11 00:00:00
2010;The Town;0;92186262;823091;112;2010-09-17 00:00:00
2010;The Kids Are All Right;0;20811365;198203;105;2010-07-09 00:00:00
2010;The King's Speech;0;135453143;1075024;126;2010-11-26 00:00:00
2010;The Kids Are All Right;0;20811365;198203;105;2010-07-09 00:00:00
2010;Rabbit Hole;0;2229058;19902;112;2010-12-17 00:00:00
2010;Winter's Bone;0;6531503;20800;314;2010-06-11 00:00:00
2010;Black Swan;1;106950757;727556;147;2010-12-03 00:00:00
2010;Blue Valentine;0;9706328;85143;114;2010-12-29 00:00:00
2010;The Fighter;0;93617009;835866;112;2010-12-10 00:00:00
2010;The King's Speech;0;135453143;1075024;126;2010-11-26 00:00:00
2010;The Fighter;1;93617009;835866;112;2010-12-10 00:00:00
2010;True Grit;0;171050328;1336330;128;2010-12-22 00:00:00
2010;Animal Kingdom;0;;;;2010-08-13 00:00:00
2010;Alice in Wonderland;1;;;;2010-08-13 00:00:00
2010;Harry Potter and the Deathly Hallows Part 1;0;295001070;2107150;140;2010-11-19 00:00:00
2010;Inception;0;292576195;1671863;175;2010-07-16 00:00:00
2010;The King's Speech;0;135453143;1075024;126;2010-11-26 00:00:00
2010;True Grit;0;171050328;1336330;128;2010-12-22 00:00:00
2010;Black Swan;0;106950757;727556;147;2010-12-03 00:00:00
2010;Inception;1;292576195;1671863;175;2010-07-16 00:00:00
2010;The King's Speech;0;135453143;1075024;126;2010-11-26 00:00:00
2010;The Social Network;0;96962694;629627;154;2010-10-01 00:00:00
2010;True Grit;0;171050328;1336330;128;2010-12-22 00:00:00
2010;Alice in Wonderland;1;171050328;1336330;128;2010-12-22 00:00:00
2010;I Am Love;0;;;;2010-06-18 00:00:00
2010;The King's Speech;0;135453143;1075024;126;2010-11-26 00:00:00
2010;The Tempest;0;237254;8473;28;2010-12-10 00:00:00
2010;True Grit;0;171050328;1336330;128;2010-12-22 00:00:00
2010;Black Swan;0;106950757;727556;147;2010-12-03 00:00:00
2010;The Fighter;0;93617009;835866;112;2010-12-10 00:00:00
2010;The King's Speech;1;135453143;1075024;126;2010-11-26 00:00:00
2010;The Social Network;0;96962694;629627;154;2010-10-01 00:00:00
2010;True Grit;0;171050328;1336330;128;2010-12-22 00:00:00
2010;Black Swan;0;106950757;727556;147;2010-12-03 00:00:00
2010;The Fighter;0;93617009;835866;112;2010-12-10 00:00:00
2010;The King's Speech;0;135453143;1075024;126;2010-11-26 00:00:00
2010;127 Hours;0;18292814;130662;140;2010-11-05 00:00:00
2010;The Social Network;1;96962694;629627;154;2010-10-01 00:00:00
2010;Biutiful;0;96962694;629627;154;2010-10-01 00:00:00
2010;Dogtooth;0;;;;2010-06-25 00:00:00
2010;In a Better World;1;;;;2010-06-25 00:00:00
2010;Incendies;0;;;;2010-06-25 00:00:00
2010;Outside the Law (Hors-la-loi);0;;;;2010-11-03 00:00:00
2010;Barney's Version;0;;;;2010-11-03 00:00:00
2010;The Way Back;0;;;;2010-11-03 00:00:00
2010;The Wolfman;1;61979680;1264891;49;2010-02-12 00:00:00
2010;Black Swan;0;106950757;727556;147;2010-12-03 00:00:00
2010;The Fighter;0;93617009;835866;112;2010-12-10 00:00:00
2010;Inception;0;292576195;1671863;175;2010-07-16 00:00:00
2010;The Kids Are All Right;0;20811365;198203;105;2010-07-09 00:00:00
2010;The King's Speech;1;135453143;1075024;126;2010-11-26 00:00:00
2010;127 Hours;0;18292814;130662;140;2010-11-05 00:00:00
2010;The Social Network;0;96962694;629627;154;2010-10-01 00:00:00
2010;Toy Story 3;0;410171027;4507373;91;2010-06-18 00:00:00
2010;True Grit;0;171050328;1336330;128;2010-12-22 00:00:00
2010;Winter's Bone;0;6531503;20800;314;2010-06-11 00:00:00
2010;Inception;1;292576195;1671863;175;2010-07-16 00:00:00
2010;Toy Story 3;0;410171027;4507373;91;2010-06-18 00:00:00
2010;Tron: Legacy;0;410171027;4507373;91;2010-06-18 00:00:00
2010;True Grit;0;171050328;1336330;128;2010-12-22 00:00:00
2010;Unstoppable;0;81537988;728017;112;2010-11-12 00:00:00
2010;Alice in Wonderland;0;81537988;728017;112;2010-11-12 00:00:00
2010;Harry Potter and the Deathly Hallows Part 1;0;295001070;2107150;140;2010-11-19 00:00:00
2010;Hereafter;0;32746941;359856;91;2010-10-15 00:00:00
2010;Inception;1;292576195;1671863;175;2010-07-16 00:00:00
2010;Iron Man 2;0;312128345;2972650;105;2010-05-07 00:00:00
2010;127 Hours;0;18292814;130662;140;2010-11-05 00:00:00
2010;The Social Network;1;96962694;629627;154;2010-10-01 00:00:00
2010;Toy Story 3;0;410171027;4507373;91;2010-06-18 00:00:00
2010;True Grit;0;171050328;1336330;128;2010-12-22 00:00:00
2010;Winter's Bone;0;6531503;20800;314;2010-06-11 00:00:00
2010;Another Year;0;;;;2010-12-29 00:00:00
2010;The Fighter;0;93617009;835866;112;2010-12-10 00:00:00
2010;Inception;0;292576195;1671863;175;2010-07-16 00:00:00
2010;The Kids Are All Right;0;20811365;198203;105;2010-07-09 00:00:00
2010;The King's Speech;1;135453143;1075024;126;2010-11-26 00:00:00
2011;A Better Life;0;1759252;25132;70;2011-06-24 00:00:00
2011;The Descendants;0;82584160;529385;156;2011-11-16 00:00:00
2011;The Artist;1;44671682;212722;210;2011-11-25 00:00:00
2011;Tinker Tailor Soldier Spy;0;44671682;212722;210;2011-11-25 00:00:00
2011;Moneyball;0;75605492;586089;129;2011-09-23 00:00:00
2011;My Week with Marilyn;0;14600347;108150;135;2011-11-23 00:00:00
2011;Moneyball;0;75605492;586089;129;2011-09-23 00:00:00
2011;Warrior;0;13657115;243877;56;2011-09-09 00:00:00
2011;Beginners;1;5790894;59090;98;2011-06-03 00:00:00
2011;Extremely Loud & Incredibly Close;0;31847881;331748;96;2011-12-25 00:00:00
2011;Albert Nobbs;0;31847881;331748;96;2011-12-25 00:00:00
2011;The Help;0;167094661;1942961;86;2011-08-10 00:00:00
2011;The Girl with the Dragon Tattoo;0;167094661;1942961;86;2011-08-10 00:00:00
2011;The Iron Lady;1;30004924;252142;119;2011-12-30 00:00:00
2011;My Week with Marilyn;0;14600347;108150;135;2011-11-23 00:00:00
2011;The Artist;0;44671682;212722;210;2011-11-25 00:00:00
2011;The Help;0;167094661;1942961;86;2011-08-10 00:00:00
2011;Bridesmaids;0;169106725;1207905;140;2011-05-13 00:00:00
2011;Albert Nobbs;0;169106725;1207905;140;2011-05-13 00:00:00
2011;The Help;1;167094661;1942961;86;2011-08-10 00:00:00
2011;The Artist;0;44671682;212722;210;2011-11-25 00:00:00
2011;Harry Potter and the Deathly Hallows Part 2;0;381011219;2864746;133;2011-07-15 00:00:00
2011;Hugo;1;73864507;520172;142;2011-11-23 00:00:00
2011;Midnight in Paris;0;50899487;519382;98;2011-05-20 00:00:00
2011;War Horse;0;79120998;1163544;68;2011-12-25 00:00:00
2011;The Artist;0;44671682;212722;210;2011-11-25 00:00:00
2011;The Girl with the Dragon Tattoo;0;44671682;212722;210;2011-11-25 00:00:00
2011;Hugo;1;73864507;520172;142;2011-11-23 00:00:00
2011;The Tree of Life;0;13228329;104986;126;2011-05-27 00:00:00
2011;War Horse;0;79120998;1163544;68;2011-12-25 00:00:00
2011;Anonymous;0;4463292;99184;45;2011-10-28 00:00:00
2011;The Artist;1;44671682;212722;210;2011-11-25 00:00:00
2011;Hugo;0;73864507;520172;142;2011-11-23 00:00:00
2011;Jane Eyre;0;11242660;89227;126;2011-03-11 00:00:00
2011;W.E.;0;11242660;89227;126;2011-03-11 00:00:00
2011;The Artist;1;44671682;212722;210;2011-11-25 00:00:00
2011;The Descendants;0;82584160;529385;156;2011-11-16 00:00:00
2011;Hugo;0;73864507;520172;142;2011-11-23 00:00:00
2011;Midnight in Paris;0;50899487;519382;98;2011-05-20 00:00:00
2011;The Tree of Life;0;13228329;104986;126;2011-05-27 00:00:00
2011;The Artist;0;44671682;212722;210;2011-11-25 00:00:00
2011;The Descendants;0;82584160;529385;156;2011-11-16 00:00:00
2011;The Girl with the Dragon Tattoo;1;82584160;529385;156;2011-11-16 00:00:00
2011;Hugo;0;73864507;520172;142;2011-11-23 00:00:00
2011;Moneyball;0;75605492;586089;129;2011-09-23 00:00:00
2011;Bullhead;0;75605492;586089;129;2011-09-23 00:00:00
2011;Footnote;0;75605492;586089;129;2011-09-23 00:00:00
2011;In Darkness;0;75605492;586089;129;2011-09-23 00:00:00
2011;Monsieur Lazhar;0;75605492;586089;129;2011-09-23 00:00:00
2011;A Separation;1;;;;2011-12-30 00:00:00
2011;Albert Nobbs;0;;;;2011-12-30 00:00:00
2011;Harry Potter and the Deathly Hallows Part 2;0;381011219;2864746;133;2011-07-15 00:00:00
2011;The Iron Lady;1;30004924;252142;119;2011-12-30 00:00:00
2011;The Artist;1;44671682;212722;210;2011-11-25 00:00:00
2011;The Descendants;0;82584160;529385;156;2011-11-16 00:00:00
2011;Extremely Loud & Incredibly Close;0;31847881;331748;96;2011-12-25 00:00:00
2011;The Help;0;167094661;1942961;86;2011-08-10 00:00:00
2011;Hugo;0;73864507;520172;142;2011-11-23 00:00:00
2011;Midnight in Paris;0;50899487;519382;98;2011-05-20 00:00:00
2011;Moneyball;0;75605492;586089;129;2011-09-23 00:00:00
2011;The Tree of Life;0;13228329;104986;126;2011-05-27 00:00:00
2011;War Horse;0;79120998;1163544;68;2011-12-25 00:00:00
2011;Drive;0;79120998;1163544;68;2011-12-25 00:00:00
2011;The Girl with the Dragon Tattoo;0;79120998;1163544;68;2011-12-25 00:00:00
2011;Hugo;1;73864507;520172;142;2011-11-23 00:00:00
2011;Transformers: Dark of the Moon;0;352390543;3293369;107;2011-06-29 00:00:00
2011;War Horse;0;79120998;1163544;68;2011-12-25 00:00:00
2011;Harry Potter and the Deathly Hallows Part 2;0;381011219;2864746;133;2011-07-15 00:00:00
2011;Hugo;1;73864507;520172;142;2011-11-23 00:00:00
2011;Real Steel;0;82717854;1759954;47;2011-10-07 00:00:00
2011;Rise of the Planet of the Apes;0;176711822;1328660;133;2011-08-05 00:00:00
2011;Transformers: Dark of the Moon;0;352390543;3293369;107;2011-06-29 00:00:00
2011;The Descendants;1;82584160;529385;156;2011-11-16 00:00:00
2011;Hugo;0;73864507;520172;142;2011-11-23 00:00:00
2011;The Ides of March;0;40962534;435771;94;2011-10-07 00:00:00
2011;Moneyball;0;75605492;586089;129;2011-09-23 00:00:00
2011;Tinker Tailor Soldier Spy;0;75605492;586089;129;2011-09-23 00:00:00
2011;The Artist;0;44671682;212722;210;2011-11-25 00:00:00
2011;Bridesmaids;0;169106725;1207905;140;2011-05-13 00:00:00
2011;Margin Call;0;5354039;44991;119;2011-10-21 00:00:00
2011;Midnight in Paris;1;50899487;519382;98;2011-05-20 00:00:00
2011;A Separation;0;;;;2011-12-30 00:00:00
2012;Silver Linings Playbook;0;132092958;650704;203;2012-11-16 00:00:00
2012;Lincoln;1;181591780;1365351;133;2012-11-09 00:00:00
2012;Les Misérables;0;181591780;1365351;133;2012-11-09 00:00:00
2012;The Master;0;16258724;105576;154;2012-09-14 00:00:00
2012;Flight;0;93772375;893070;105;2012-11-02 00:00:00
2012;Argo;0;136024128;697559;195;2012-10-12 00:00:00
2012;Silver Linings Playbook;0;132092958;650704;203;2012-11-16 00:00:00
2012;The Master;0;16258724;105576;154;2012-09-14 00:00:00
2012;Lincoln;0;181591780;1365351;133;2012-11-09 00:00:00
2012;Django Unchained;1;162805434;1138499;143;2012-12-25 00:00:00
2012;Zero Dark Thirty;0;95720716;929327;103;2012-12-19 00:00:00
2012;Silver Linings Playbook;1;132092958;650704;203;2012-11-16 00:00:00
2012;Amour;0;;;;2012-12-19 00:00:00
2012;Beasts of the Southern Wild;0;12795746;47745;268;2012-06-27 00:00:00
2012;The Impossible;0;19019882;159830;119;2012-12-21 00:00:00
2012;The Master;0;16258724;105576;154;2012-09-14 00:00:00
2012;Lincoln;0;181591780;1365351;133;2012-11-09 00:00:00
2012;Les Misérables;1;181591780;1365351;133;2012-11-09 00:00:00
2012;The Sessions;0;6002451;40833;147;2012-10-19 00:00:00
2012;Silver Linings Playbook;0;132092958;650704;203;2012-11-16 00:00:00
2012;Anna Karenina;0;12816367;122060;105;2012-11-16 00:00:00
2012;Django Unchained;0;162805434;1138499;143;2012-12-25 00:00:00
2012;Life of Pi;1;124987023;506020;247;2012-11-21 00:00:00
2012;Lincoln;0;181591780;1365351;133;2012-11-09 00:00:00
2012;Skyfall;0;304164760;2816340;108;2012-11-09 00:00:00
2012;Anna Karenina;1;12816367;122060;105;2012-11-16 00:00:00
2012;Les Misérables;0;12816367;122060;105;2012-11-16 00:00:00
2012;Lincoln;0;181591780;1365351;133;2012-11-09 00:00:00
2012;Mirror Mirror;0;64935167;463822;140;2012-03-30 00:00:00
2012;Snow White and the Huntsman;0;155136755;1583028;98;2012-06-01 00:00:00
2012;Amour;0;;;;2012-12-19 00:00:00
2012;Beasts of the Southern Wild;0;12795746;47745;268;2012-06-27 00:00:00
2012;Life of Pi;1;124987023;506020;247;2012-11-21 00:00:00
2012;Lincoln;0;181591780;1365351;133;2012-11-09 00:00:00
2012;Silver Linings Playbook;0;132092958;650704;203;2012-11-16 00:00:00
2012;Argo;1;136024128;697559;195;2012-10-12 00:00:00
2012;Life of Pi;0;124987023;506020;247;2012-11-21 00:00:00
2012;Lincoln;0;181591780;1365351;133;2012-11-09 00:00:00
2012;Silver Linings Playbook;0;132092958;650704;203;2012-11-16 00:00:00
2012;Zero Dark Thirty;0;95720716;929327;103;2012-12-19 00:00:00
2012;Amour;1;;;;2012-12-19 00:00:00
2012;Kon-Tiki;0;;;;2012-12-19 00:00:00
2012;No;0;;;;2012-12-19 00:00:00
2012;A Royal Affair;0;;;;2012-11-09 00:00:00
2012;War Witch;0;;;;2012-11-09 00:00:00
2012;Amour;0;;;;2012-12-19 00:00:00
2012;Argo;1;136024128;697559;195;2012-10-12 00:00:00
2012;Beasts of the Southern Wild;0;12795746;47745;268;2012-06-27 00:00:00
2012;Django Unchained;0;162805434;1138499;143;2012-12-25 00:00:00
2012;Les Misérables;0;162805434;1138499;143;2012-12-25 00:00:00
2012;Life of Pi;0;124987023;506020;247;2012-11-21 00:00:00
2012;Lincoln;0;181591780;1365351;133;2012-11-09 00:00:00
2012;Silver Linings Playbook;0;132092958;650704;203;2012-11-16 00:00:00
2012;Zero Dark Thirty;0;95720716;929327;103;2012-12-19 00:00:00
2012;Argo;0;136024128;697559;195;2012-10-12 00:00:00
2012;Django Unchained;0;162805434;1138499;143;2012-12-25 00:00:00
2012;Life of Pi;0;124987023;506020;247;2012-11-21 00:00:00
2012;Skyfall;1;304164760;2816340;108;2012-11-09 00:00:00
2012;Zero Dark Thirty;1;95720716;929327;103;2012-12-19 00:00:00
2012;The Hobbit: An Unexpected Journey;0;303003568;2278222;133;2012-12-14 00:00:00
2012;Life of Pi;1;124987023;506020;247;2012-11-21 00:00:00
2012;Marvel's The Avengers;0;621623219;4673858;133;2012-05-04 00:00:00
2012;Prometheus;0;126477084;1204543;105;2012-06-08 00:00:00
2012;Snow White and the Huntsman;0;155136755;1583028;98;2012-06-01 00:00:00
2012;Argo;1;136024128;697559;195;2012-10-12 00:00:00
2012;Beasts of the Southern Wild;0;12795746;47745;268;2012-06-27 00:00:00
2012;Life of Pi;0;124987023;506020;247;2012-11-21 00:00:00
2012;Lincoln;0;181591780;1365351;133;2012-11-09 00:00:00
2012;Silver Linings Playbook;0;132092958;650704;203;2012-11-16 00:00:00
2012;Amour;0;;;;2012-12-19 00:00:00
2012;Django Unchained;1;162805434;1138499;143;2012-12-25 00:00:00
2012;Flight;0;93772375;893070;105;2012-11-02 00:00:00
2012;Moonrise Kingdom;0;45512466;282686;161;2012-05-25 00:00:00
2012;Zero Dark Thirty;0;95720716;929327;103;2012-12-19 00:00:00
2013;American Hustle;0;150117807;1305372;115;2013-12-13 00:00:00
2013;Nebraska;0;17654912;140118;126;2013-11-15 00:00:00
2013;The Wolf of Wall Street;0;116900694;1169006;100;2013-12-25 00:00:00
2013;12 Years a Slave;0;56634802;299655;189;2013-10-18 00:00:00
2013;Dallas Buyers Club;1;27298285;149990;182;2013-11-01 00:00:00
2013;Captain Phillips;0;107100855;748957;143;2013-10-11 00:00:00
2013;American Hustle;0;150117807;1305372;115;2013-12-13 00:00:00
2013;12 Years a Slave;0;56634802;299655;189;2013-10-18 00:00:00
2013;The Wolf of Wall Street;0;116900694;1169006;100;2013-12-25 00:00:00
2013;Dallas Buyers Club;1;27298285;149990;182;2013-11-01 00:00:00
2013;American Hustle;0;150117807;1305372;115;2013-12-13 00:00:00
2013;Blue Jasmine;1;28393495;507026;56;2013-07-26 00:00:00
2013;Gravity;0;274092705;1263100;217;2013-10-04 00:00:00
2013;Philomena;0;37709979;207197;182;2013-11-22 00:00:00
2013;August: Osage County;0;37738810;283750;133;2013-12-27 00:00:00
2013;Blue Jasmine;0;28393495;507026;56;2013-07-26 00:00:00
2013;American Hustle;0;150117807;1305372;115;2013-12-13 00:00:00
2013;12 Years a Slave;1;56634802;299655;189;2013-10-18 00:00:00
2013;August: Osage County;0;37738810;283750;133;2013-12-27 00:00:00
2013;Nebraska;0;17654912;140118;126;2013-11-15 00:00:00
2013;The Grandmaster;0;6594959;104681;63;2013-08-23 00:00:00
2013;Gravity;1;274092705;1263100;217;2013-10-04 00:00:00
2013;Inside Llewyn Davis;0;13235319;135054;98;2013-12-06 00:00:00
2013;Nebraska;0;17654912;140118;126;2013-11-15 00:00:00
2013;Prisoners;0;61002302;792237;77;2013-09-20 00:00:00
2013;American Hustle;0;150117807;1305372;115;2013-12-13 00:00:00
2013;The Grandmaster;0;6594959;104681;63;2013-08-23 00:00:00
2013;The Great Gatsby;1;6594959;104681;63;2013-08-23 00:00:00
2013;The Invisible Woman;0;;;;2013-12-25 00:00:00
2013;12 Years a Slave;0;56634802;299655;189;2013-10-18 00:00:00
2013;American Hustle;0;150117807;1305372;115;2013-12-13 00:00:00
2013;Gravity;1;274092705;1263100;217;2013-10-04 00:00:00
2013;Nebraska;0;17654912;140118;126;2013-11-15 00:00:00
2013;12 Years a Slave;0;56634802;299655;189;2013-10-18 00:00:00
2013;The Wolf of Wall Street;0;116900694;1169006;100;2013-12-25 00:00:00
2013;American Hustle;0;150117807;1305372;115;2013-12-13 00:00:00
2013;Captain Phillips;0;107100855;748957;143;2013-10-11 00:00:00
2013;Dallas Buyers Club;0;27298285;149990;182;2013-11-01 00:00:00
2013;Gravity;1;274092705;1263100;217;2013-10-04 00:00:00
2013;12 Years a Slave;0;56634802;299655;189;2013-10-18 00:00:00
2013;The Broken Circle Breakdown;0;56634802;299655;189;2013-10-18 00:00:00
2013;The Great Beauty;1;;;;2013-11-15 00:00:00
2013;The Hunt;0;;;;2013-07-12 00:00:00
2013;The Missing Picture;0;;;;2013-07-12 00:00:00
2013;Omar;0;;;;2013-07-12 00:00:00
2013;American Hustle;0;150117807;1305372;115;2013-12-13 00:00:00
2013;Captain Phillips;0;107100855;748957;143;2013-10-11 00:00:00
2013;Dallas Buyers Club;0;27298285;149990;182;2013-11-01 00:00:00
2013;Gravity;0;274092705;1263100;217;2013-10-04 00:00:00
2013;Nebraska;0;17654912;140118;126;2013-11-15 00:00:00
2013;Philomena;0;37709979;207197;182;2013-11-22 00:00:00
2013;12 Years a Slave;1;56634802;299655;189;2013-10-18 00:00:00
2013;The Wolf of Wall Street;0;116900694;1169006;100;2013-12-25 00:00:00
2013;All Is Lost;0;6263670;47095;133;2013-10-18 00:00:00
2013;Captain Phillips;0;107100855;748957;143;2013-10-11 00:00:00
2013;Gravity;1;274092705;1263100;217;2013-10-04 00:00:00
2013;The Hobbit: The Desolation of Smaug;0;258366855;2050530;126;2013-12-13 00:00:00
2013;Lone Survivor;0;125095601;1169117;107;2013-12-25 00:00:00
2013;Gravity;1;274092705;1263100;217;2013-10-04 00:00:00
2013;The Hobbit: The Desolation of Smaug;0;258366855;2050530;126;2013-12-13 00:00:00
2013;Iron Man 3;0;406609688;5808709;70;2013-05-03 00:00:00
2013;The Lone Ranger;0;87054312;2352819;37;2013-07-03 00:00:00
2013;Star Trek Into Darkness;0;228778661;1906488;120;2013-05-16 00:00:00
2013;Before Midnight;0;71400;71400;1;2013-05-24 00:00:00
2013;Captain Phillips;0;107100855;748957;143;2013-10-11 00:00:00
2013;Philomena;0;37709979;207197;182;2013-11-22 00:00:00
2013;12 Years a Slave;1;56634802;299655;189;2013-10-18 00:00:00
2013;The Wolf of Wall Street;0;116900694;1169006;100;2013-12-25 00:00:00
2013;American Hustle;0;150117807;1305372;115;2013-12-13 00:00:00
2013;Blue Jasmine;0;28393495;507026;56;2013-07-26 00:00:00
2013;Dallas Buyers Club;0;27298285;149990;182;2013-11-01 00:00:00
2013;Nebraska;0;17654912;140118;126;2013-11-15 00:00:00
2014;Foxcatcher;0;;;;2014-11-14 00:00:00
2014;American Sniper;0;350126372;1913258;183;2014-12-25 00:00:00
2014;The Imitation Game;0;91125683;542414;168;2014-11-28 00:00:00
2014;Birdman or (The Unexpected Virtue of Ignorance);0;91125683;542414;168;2014-11-28 00:00:00
2014;The Theory of Everything;1;35753877;268826;133;2014-11-07 00:00:00
2014;The Judge;0;47119388;480810;98;2014-10-10 00:00:00
2014;Boyhood;0;22153916;316484;70;2014-07-11 00:00:00
2014;Birdman or (The Unexpected Virtue of Ignorance);0;22153916;316484;70;2014-07-11 00:00:00
2014;Foxcatcher;0;;;;2014-11-14 00:00:00
2014;Whiplash;1;;;;2014-10-10 00:00:00
2014;Two Days, One Night;0;;;;2014-12-24 00:00:00
2014;The Theory of Everything;0;35753877;268826;133;2014-11-07 00:00:00
2014;Still Alice;1;35753877;268826;133;2014-11-07 00:00:00
2014;Gone Girl;0;167762331;1198302;140;2014-10-03 00:00:00
2014;Wild;0;167762331;1198302;140;2014-10-03 00:00:00
2014;Boyhood;1;22153916;316484;70;2014-07-11 00:00:00
2014;Wild;0;22153916;316484;70;2014-07-11 00:00:00
2014;The Imitation Game;0;91125683;542414;168;2014-11-28 00:00:00
2014;Birdman or (The Unexpected Virtue of Ignorance);0;91125683;542414;168;2014-11-28 00:00:00
2014;Into the Woods;0;126735659;1980244;64;2014-12-25 00:00:00
2014;Birdman or (The Unexpected Virtue of Ignorance);1;126735659;1980244;64;2014-12-25 00:00:00
2014;The Grand Budapest Hotel;0;58973476;421239;140;2014-03-07 00:00:00
2014;Ida;0;;;;2014-05-02 00:00:00
2014;Mr. Turner;0;;;;2014-12-19 00:00:00
2014;Unbroken;0;115637895;1482537;78;2014-12-25 00:00:00
2014;The Grand Budapest Hotel;1;58973476;421239;140;2014-03-07 00:00:00
2014;Inherent Vice;0;8110975;105337;77;2014-12-12 00:00:00
2014;Into the Woods;0;126735659;1980244;64;2014-12-25 00:00:00
2014;Maleficent;0;236412469;3070291;77;2014-05-30 00:00:00
2014;Mr. Turner;0;;;;2014-12-19 00:00:00
2014;Birdman or (The Unexpected Virtue of Ignorance);1;;;;2014-12-19 00:00:00
2014;Boyhood;0;22153916;316484;70;2014-07-11 00:00:00
2014;Foxcatcher;0;;;;2014-11-14 00:00:00
2014;The Grand Budapest Hotel;0;58973476;421239;140;2014-03-07 00:00:00
2014;The Imitation Game;0;91125683;542414;168;2014-11-28 00:00:00
2014;American Sniper;0;350126372;1913258;183;2014-12-25 00:00:00
2014;Boyhood;0;22153916;316484;70;2014-07-11 00:00:00
2014;The Grand Budapest Hotel;0;58973476;421239;140;2014-03-07 00:00:00
2014;The Imitation Game;0;91125683;542414;168;2014-11-28 00:00:00
2014;Whiplash;1;;;;2014-10-10 00:00:00
2014;Ida;1;;;;2014-05-02 00:00:00
2014;Leviathan;0;;;;2014-05-02 00:00:00
2014;Tangerines;0;;;;2014-05-02 00:00:00
2014;Timbuktu;0;;;;2014-05-02 00:00:00
2014;Wild Tales;0;;;;2014-05-02 00:00:00
2014;American Sniper;0;350126372;1913258;183;2014-12-25 00:00:00
2014;Birdman or (The Unexpected Virtue of Ignorance);1;350126372;1913258;183;2014-12-25 00:00:00
2014;Boyhood;0;22153916;316484;70;2014-07-11 00:00:00
2014;The Grand Budapest Hotel;0;58973476;421239;140;2014-03-07 00:00:00
2014;The Imitation Game;0;91125683;542414;168;2014-11-28 00:00:00
2014;Selma;0;52076908;460857;113;2014-12-25 00:00:00
2014;The Theory of Everything;0;35753877;268826;133;2014-11-07 00:00:00
2014;Whiplash;0;;;;2014-10-10 00:00:00
2014;American Sniper;1;350126372;1913258;183;2014-12-25 00:00:00
2014;Birdman or (The Unexpected Virtue of Ignorance);0;350126372;1913258;183;2014-12-25 00:00:00
2014;The Hobbit: The Battle of the Five Armies;0;255119788;2384297;107;2014-12-17 00:00:00
2014;Interstellar;0;188020017;1392740;135;2014-11-05 00:00:00
2014;Unbroken;0;115637895;1482537;78;2014-12-25 00:00:00
2014;Captain America: The Winter Soldier;0;255447104;4054715;63;2014-04-04 00:00:00
2014;Dawn of the Planet of the Apes;0;208490841;1654689;126;2014-07-11 00:00:00
2014;Guardians of the Galaxy;0;328095589;3905899;84;2014-08-01 00:00:00
2014;Interstellar;1;188020017;1392740;135;2014-11-05 00:00:00
2014;X-Men: Days of Future Past;0;233904517;1758680;133;2014-05-23 00:00:00
2014;American Sniper;0;350126372;1913258;183;2014-12-25 00:00:00
2014;The Imitation Game;1;91125683;542414;168;2014-11-28 00:00:00
2014;Inherent Vice;0;8110975;105337;77;2014-12-12 00:00:00
2014;The Theory of Everything;0;35753877;268826;133;2014-11-07 00:00:00
2014;Whiplash;0;;;;2014-10-10 00:00:00
2014;Birdman or (The Unexpected Virtue of Ignorance);1;;;;2014-10-10 00:00:00
2014;Boyhood;0;22153916;316484;70;2014-07-11 00:00:00
2014;Foxcatcher;0;;;;2014-11-14 00:00:00
2014;The Grand Budapest Hotel;0;58973476;421239;140;2014-03-07 00:00:00
2014;Nightcrawler;0;32381148;330419;98;2014-10-31 00:00:00
2013;Her;0;32381148;330419;98;2014-10-31 00:00:00
2013;Her;1;32381148;330419;98;2014-10-31 00:00:00
2001;Moulin Rouge;0;32381148;330419;98;2014-10-31 00:00:00
2001;Moulin Rouge;0;32381148;330419;98;2014-10-31 00:00:00
2001;Amélie;0;32381148;330419;98;2014-10-31 00:00:00
2001;Amélie;0;32381148;330419;98;2014-10-31 00:00:00
2002;Adaptation;0;32381148;330419;98;2014-10-31 00:00:00