year;boxOfficeId;total_gross;gross_per_day;play_days;release
2003;monster;1;34445894;237557;145;2003-12-24 00:00:00
2003;21grams;0;;;;2003-11-21 00:00:00
2003;houseofsandandfog;0;13024825;124045;105;2003-12-19 00:00:00
2003;piecesofapril;0;2376152;30859;77;2003-10-17 00:00:00
2003;mysticriver;0;90135191;393603;229;2003-10-08 00:00:00
2003;thirteen;0;4592413;42919;107;2003-08-20 00:00:00
2003;coldmountain;1;94688000;1154731;82;2003-12-25 00:00:00
2003;girlwithapearlearring;0;7663000;111057;69;2003-12-12 00:00:00
2003;lastsamurai;0;111127263;881962;126;2003-12-05 00:00:00
2003;returnoftheking;1;377027325;2217807;170;2003-12-17 00:00:00
2003;masterandcommander;0;93921256;536692;175;2003-11-14 00:00:00
2003;seabiscuit;0;120170960;903541;133;2003-07-25 00:00:00
2003;cityofgod;0;4667761;17288;270;2003-01-17 00:00:00
2003;coldmountain;0;94688000;1154731;82;2003-12-25 00:00:00
2003;girlwithapearlearring;0;7663000;111057;69;2003-12-12 00:00:00
2003;masterandcommander;1;93921256;536692;175;2003-11-14 00:00:00
2003;seabiscuit;0;120170960;903541;133;2003-07-25 00:00:00
2003;girlwithapearlearring;0;7663000;111057;69;2003-12-12 00:00:00
2003;lastsamurai;0;111127263;881962;126;2003-12-05 00:00:00
2003;returnoftheking;1;377027325;2217807;170;2003-12-17 00:00:00
2003;masterandcommander;0;93921256;536692;175;2003-11-14 00:00:00
2003;seabiscuit;0;120170960;903541;133;2003-07-25 00:00:00
2003;cityofgod;0;4667761;17288;270;2003-01-17 00:00:00
2003;returnoftheking;1;377027325;2217807;170;2003-12-17 00:00:00
2003;lostintranslation;0;43217012;263518;164;2003-09-12 00:00:00
2003;masterandcommander;0;93921256;536692;175;2003-11-14 00:00:00
2002;gangsofnewyork;0;77726642;571519;136;2002-12-20 00:00:00
2002;aboutschmidt;0;;;;2002-12-13 00:00:00
2002;hours;0;41608003;283047;147;2002-12-27 00:00:00
2002;roadtoperdition;0;104117482;929620;112;2002-07-12 00:00:00
2002;chicago;0;167440667;1170913;143;2002-12-27 00:00:00
2002;catchmeifyoucan;0;164558699;1256173;131;2002-12-25 00:00:00
2002;frida;0;12465376;377738;33;2002-10-25 00:00:00
2002;hours;1;41608003;283047;147;2002-12-27 00:00:00
2002;unfaithful;0;52756933;538336;98;2002-05-08 00:00:00
2002;chicago;0;167440667;1170913;143;2002-12-27 00:00:00
2002;aboutschmidt;0;;;;2002-12-13 00:00:00
2002;hours;0;41608003;283047;147;2002-12-27 00:00:00
2002;chicago;0;167440667;1170913;143;2002-12-27 00:00:00
2002;chicago;1;167440667;1170913;143;2002-12-27 00:00:00
2002;chicago;1;167440667;1170913;143;2002-12-27 00:00:00
2002;frida;0;12465376;377738;33;2002-10-25 00:00:00
2002;gangsofnewyork;0;77726642;571519;136;2002-12-20 00:00:00
2002;twotowers;0;339785181;1375648;247;2002-12-18 00:00:00
2002;roadtoperdition;0;104117482;929620;112;2002-07-12 00:00:00
2002;chicago;0;167440667;1170913;143;2002-12-27 00:00:00
2002;gangsofnewyork;0;77726642;571519;136;2002-12-20 00:00:00
2002;pianist;0;32198948;226753;142;2002-12-25 00:00:00
2002;roadtoperdition;1;104117482;929620;112;2002-07-12 00:00:00
2002;chicago;1;167440667;1170913;143;2002-12-27 00:00:00
2002;frida;0;12465376;377738;33;2002-10-25 00:00:00
2002;gangsofnewyork;0;77726642;571519;136;2002-12-20 00:00:00
2002;hours;0;41608003;283047;147;2002-12-27 00:00:00
2002;pianist;0;32198948;226753;142;2002-12-25 00:00:00
2002;chicago;0;167440667;1170913;143;2002-12-27 00:00:00
2002;gangsofnewyork;0;77726642;571519;136;2002-12-20 00:00:00
2002;hours;0;41608003;283047;147;2002-12-27 00:00:00
2002;pianist;1;32198948;226753;142;2002-12-25 00:00:00
2002;talktoher;0;9198380;56087;164;2002-11-22 00:00:00
2002;chicago;1;167440667;1170913;143;2002-12-27 00:00:00
2002;gangsofnewyork;0;77726642;571519;136;2002-12-20 00:00:00
2002;hours;0;41608003;283047;147;2002-12-27 00:00:00
2002;twotowers;0;339785181;1375648;247;2002-12-18 00:00:00
2002;pianist;0;32198948;226753;142;2002-12-25 00:00:00
2002;elcrimendelpadreamaro;0;;;;2002-11-15 00:00:00
2002;nowhereinafrica;1;6178545;27957;221;2003-03-07 00:00:00
2002;zusandzo;0;;;;2003-02-07 00:00:00
2002;frida;1;12465376;377738;33;2002-10-25 00:00:00
2002;timemachine;0;56712457;736525;77;2002-03-08 00:00:00
2002;chicago;1;167440667;1170913;143;2002-12-27 00:00:00
2002;gangsofnewyork;0;77726642;571519;136;2002-12-20 00:00:00
2002;hours;0;41608003;283047;147;2002-12-27 00:00:00
2002;twotowers;0;339785181;1375648;247;2002-12-18 00:00:00
2002;pianist;0;32198948;226753;142;2002-12-25 00:00:00
2002;chicago;1;167440667;1170913;143;2002-12-27 00:00:00
2002;gangsofnewyork;0;77726642;571519;136;2002-12-20 00:00:00
2002;twotowers;0;339785181;1375648;247;2002-12-18 00:00:00
2002;roadtoperdition;0;104117482;929620;112;2002-07-12 00:00:00
2002;spiderman;0;403706375;3738021;108;2002-05-03 00:00:00
2002;twotowers;1;339785181;1375648;247;2002-12-18 00:00:00
2002;minorityreport;0;132024714;992667;133;2002-06-21 00:00:00
2002;roadtoperdition;0;104117482;929620;112;2002-07-12 00:00:00
2002;twotowers;1;339785181;1375648;247;2002-12-18 00:00:00
2002;spiderman;0;403706375;3738021;108;2002-05-03 00:00:00
2002;aboutaboy;0;;;;2002-05-17 00:00:00
2002;chicago;0;167440667;1170913;143;2002-12-27 00:00:00
2002;hours;0;41608003;283047;147;2002-12-27 00:00:00
2002;pianist;1;32198948;226753;142;2002-12-25 00:00:00
2002;gangsofnewyork;0;77726642;571519;136;2002-12-20 00:00:00
2002;mybigfatgreekwedding;0;240840576;781949;308;2002-04-19 00:00:00
2002;talktoher;1;9198380;56087;164;2002-11-22 00:00:00
2003;piratesofthecaribbean;0;302977271;2367009;128;2003-07-09 00:00:00
2003;houseofsandandfog;0;13024825;124045;105;2003-12-19 00:00:00
2003;coldmountain;0;94688000;1154731;82;2003-12-25 00:00:00
2003;lostintranslation;0;43217012;263518;164;2003-09-12 00:00:00
2003;mysticriver;1;90135191;393603;229;2003-10-08 00:00:00
2003;cooler;0;3751701;68212;55;2003-11-26 00:00:00
2003;21grams;0;;;;2003-11-21 00:00:00
2003;inamerica;0;15518515;91285;170;2003-11-26 00:00:00
2003;mysticriver;1;90135191;393603;229;2003-10-08 00:00:00
2003;lastsamurai;0;111127263;881962;126;2003-12-05 00:00:00
2003;whalerider;0;20772796;121478;171;2003-06-06 00:00:00
2003;somethingsgottagive;0;124590960;1153620;108;2003-12-12 00:00:00
2003;inamerica;0;15518515;91285;170;2003-11-26 00:00:00
2000;beforenightfalls;0;;;;2000-12-22 00:00:00
2000;gladiator;1;;;;2000-05-05 00:00:00
2000;castaway;0;;;;2000-12-22 00:00:00
2000;pollock;0;;;;2000-12-15 00:00:00
2000;quills;0;;;;2000-11-24 00:00:00
2000;contender;0;;;;2000-10-13 00:00:00
2000;shadowofthevampire;0;;;;2000-12-29 00:00:00
2000;traffic;1;;;;2000-12-27 00:00:00
2000;erinbrockovich;0;;;;2000-03-17 00:00:00
2000;gladiator;0;;;;2000-05-05 00:00:00
2000;contender;0;;;;2000-10-13 00:00:00
2000;chocolat;0;;;;2000-12-15 00:00:00
2000;requiemforadream;0;;;;2000-10-06 00:00:00
2000;youcancountonme;0;;;;2000-11-10 00:00:00
2000;erinbrockovich;1;;;;2000-03-17 00:00:00
2000;chocolat;0;;;;2000-12-15 00:00:00
2000;pollock;1;;;;2000-12-15 00:00:00
2000;almostfamous;0;;;;2000-09-15 00:00:00
2000;almostfamous;0;;;;2000-09-15 00:00:00
2000;billyelliot;0;;;;2000-10-13 00:00:00
2000;crouchingtigerhiddendragon;1;;;;2000-12-08 00:00:00
2000;gladiator;0;;;;2000-05-05 00:00:00
2000;quills;0;;;;2000-11-24 00:00:00
2000;vatel;0;;;;2000-12-25 00:00:00
2000;crouchingtigerhiddendragon;1;;;;2000-12-08 00:00:00
2000;gladiator;0;;;;2000-05-05 00:00:00
2000;obrotherwhereartthou;0;;;;2000-12-22 00:00:00
2000;patriot;0;;;;2000-06-28 00:00:00
2000;crouchingtigerhiddendragon;0;;;;2000-12-08 00:00:00
2000;gladiator;1;;;;2000-05-05 00:00:00
2000;102dalmatians;0;;;;2000-11-22 00:00:00
2000;quills;0;;;;2000-11-24 00:00:00
2000;billyelliot;0;;;;2000-10-13 00:00:00
2000;crouchingtigerhiddendragon;0;;;;2000-12-08 00:00:00
2000;erinbrockovich;0;;;;2000-03-17 00:00:00
2000;gladiator;0;;;;2000-05-05 00:00:00
2000;traffic;1;;;;2000-12-27 00:00:00
2000;almostfamous;0;;;;2000-09-15 00:00:00
2000;crouchingtigerhiddendragon;0;;;;2000-12-08 00:00:00
2000;gladiator;0;;;;2000-05-05 00:00:00
2000;traffic;1;;;;2000-12-27 00:00:00
2000;wonderboys;0;;;;2000-02-23 00:00:00
2000;amoresperros;0;;;;2001-03-30 00:00:00
2000;crouchingtigerhiddendragon;1;;;;2000-12-08 00:00:00
2000;dividedwefall;0;;;;2001-06-08 00:00:00
2000;tasteofothers;0;;;;2000-09-15 00:00:00
2000;cell;0;;;;2000-08-18 00:00:00
2000;shadowofthevampire;0;;;;2000-12-29 00:00:00
2000;chocolat;0;;;;2000-12-15 00:00:00
2000;crouchingtigerhiddendragon;0;;;;2000-12-08 00:00:00
2000;erinbrockovich;0;;;;2000-03-17 00:00:00
2000;gladiator;1;;;;2000-05-05 00:00:00
2000;traffic;0;;;;2000-12-27 00:00:00
2000;castaway;0;;;;2000-12-22 00:00:00
2000;gladiator;1;;;;2000-05-05 00:00:00
2000;patriot;0;;;;2000-06-28 00:00:00
2000;perfectstorm;0;;;;2000-06-30 00:00:00
2000;u-571;0;;;;2000-04-21 00:00:00
2000;spacecowboys;0;;;;2000-08-04 00:00:00
2000;u-571;1;;;;2000-04-21 00:00:00
2000;gladiator;1;;;;2000-05-05 00:00:00
2000;hollowman;0;;;;2000-08-04 00:00:00
2000;perfectstorm;0;;;;2000-06-30 00:00:00
2000;chocolat;0;;;;2000-12-15 00:00:00
2000;crouchingtigerhiddendragon;0;;;;2000-12-08 00:00:00
2000;obrotherwhereartthou;0;;;;2000-12-22 00:00:00
2000;traffic;1;;;;2000-12-27 00:00:00
2000;wonderboys;0;;;;2000-02-23 00:00:00
2000;almostfamous;1;;;;2000-09-15 00:00:00
2000;billyelliot;0;;;;2000-10-13 00:00:00
2000;erinbrockovich;0;;;;2000-03-17 00:00:00
2000;gladiator;0;;;;2000-05-05 00:00:00
2000;youcancountonme;0;;;;2000-11-10 00:00:00
2001;beautifulmind;0;170742341;1060511;161;2001-12-21 00:00:00
2001;iamsam;0;29951434;565121;53;2001-12-28 00:00:00
2001;ali;0;;;;2001-12-25 00:00:00
2001;trainingday;1;;;;2001-10-05 00:00:00
2001;inthebedroom;0;23224195;263911;88;2001-11-23 00:00:00
2001;iris;1;583296;9721;60;2001-12-14 00:00:00
2001;trainingday;0;;;;2001-10-05 00:00:00
2001;sexybeast;0;;;;2001-06-15 00:00:00
2001;fellowshipofthering;0;313364114;1289564;243;2001-12-19 00:00:00
2001;ali;0;;;;2001-12-25 00:00:00
2001;monstersball;1;31168322;203714;153;2001-12-26 00:00:00
2001;iris;0;583296;9721;60;2001-12-14 00:00:00
2001;inthebedroom;0;23224195;263911;88;2001-11-23 00:00:00
2001;bridgetjonessdiary;0;;;;2001-04-13 00:00:00
2001;beautifulmind;1;170742341;1060511;161;2001-12-21 00:00:00
2001;gosfordpark;0;25767044;468491;55;2001-12-26 00:00:00
2001;gosfordpark;0;25767044;468491;55;2001-12-26 00:00:00
2001;inthebedroom;0;23224195;263911;88;2001-11-23 00:00:00
2001;iris;0;583296;9721;60;2001-12-14 00:00:00
2001;gosfordpark;0;25767044;468491;55;2001-12-26 00:00:00
2001;harrypotter;0;314320476;3308636;95;2001-11-16 00:00:00
2001;fellowshipofthering;0;313364114;1289564;243;2001-12-19 00:00:00
2001;blackhawkdown;0;108264894;1244424;87;2001-12-28 00:00:00
2001;fellowshipofthering;1;313364114;1289564;243;2001-12-19 00:00:00
2001;manwhowasntthere;0;;;;2001-11-02 00:00:00
2001;affairofthenecklace;0;;;;2001-11-30 00:00:00
2001;gosfordpark;0;25767044;468491;55;2001-12-26 00:00:00
2001;harrypotter;0;314320476;3308636;95;2001-11-16 00:00:00
2001;fellowshipofthering;0;313364114;1289564;243;2001-12-19 00:00:00
2001;beautifulmind;1;170742341;1060511;161;2001-12-21 00:00:00
2001;blackhawkdown;0;108264894;1244424;87;2001-12-28 00:00:00
2001;gosfordpark;0;25767044;468491;55;2001-12-26 00:00:00
2001;fellowshipofthering;0;313364114;1289564;243;2001-12-19 00:00:00
2001;mulhollanddrive;0;7220243;33739;214;2001-10-08 00:00:00
2001;beautifulmind;0;170742341;1060511;161;2001-12-21 00:00:00
2001;blackhawkdown;1;108264894;1244424;87;2001-12-28 00:00:00
2001;fellowshipofthering;0;313364114;1289564;243;2001-12-19 00:00:00
2001;memento;0;;;;2001-03-16 00:00:00
2001;elling;0;;;;2002-05-29 00:00:00
2001;lagaan;0;;;;2001-06-15 00:00:00
2001;nomansland;1;;;;2001-12-07 00:00:00
2001;sonofthebride;0;;;;2002-03-22 00:00:00
2001;beautifulmind;0;170742341;1060511;161;2001-12-21 00:00:00
2001;fellowshipofthering;1;313364114;1289564;243;2001-12-19 00:00:00
2001;beautifulmind;1;170742341;1060511;161;2001-12-21 00:00:00
2001;gosfordpark;0;25767044;468491;55;2001-12-26 00:00:00
2001;inthebedroom;0;23224195;263911;88;2001-11-23 00:00:00
2001;fellowshipofthering;0;313364114;1289564;243;2001-12-19 00:00:00
2001;blackhawkdown;1;108264894;1244424;87;2001-12-28 00:00:00
2001;fellowshipofthering;0;313364114;1289564;243;2001-12-19 00:00:00
2001;pearlharbor;0;;;;2001-05-25 00:00:00
2001;monstersinc;0;250822376;2756289;91;2001-11-02 00:00:00
2001;pearlharbor;1;;;;2001-05-25 00:00:00
2001;ai;0;;;;2001-06-29 00:00:00
2001;fellowshipofthering;1;313364114;1289564;243;2001-12-19 00:00:00
2001;pearlharbor;0;;;;2001-05-25 00:00:00
2001;beautifulmind;1;170742341;1060511;161;2001-12-21 00:00:00
2001;ghostworld;0;;;;2001-07-20 00:00:00
2001;inthebedroom;0;23224195;263911;88;2001-11-23 00:00:00
2001;fellowshipofthering;0;313364114;1289564;243;2001-12-19 00:00:00
2001;shrek;0;;;;2001-05-16 00:00:00
2001;gosfordpark;1;25767044;468491;55;2001-12-26 00:00:00
2001;memento;0;;;;2001-03-16 00:00:00
2001;monstersball;0;31168322;203714;153;2001-12-26 00:00:00
2001;royaltenenbaums;0;50331623;599185;84;2001-12-14 00:00:00
2002;pianist;1;32198948;226753;142;2002-12-25 00:00:00
2002;quietamerican;0;12538615;74634;168;2002-11-22 00:00:00
2003;mysticriver;0;90135191;393603;229;2003-10-08 00:00:00
2003;cityofgod;0;4667761;17288;270;2003-01-17 00:00:00
2003;coldmountain;0;94688000;1154731;82;2003-12-25 00:00:00
2003;returnoftheking;1;377027325;2217807;170;2003-12-17 00:00:00
2003;masterandcommander;0;93921256;536692;175;2003-11-14 00:00:00
2003;seabiscuit;0;120170960;903541;133;2003-07-25 00:00:00
2003;barbarianinvasions;1;216456;15461;14;2003-11-21 00:00:00
2003;zelary;0;;;;2004-09-17 00:00:00
2003;returnoftheking;1;377027325;2217807;170;2003-12-17 00:00:00
2003;masterandcommander;0;93921256;536692;175;2003-11-14 00:00:00
2003;piratesofthecaribbean;0;302977271;2367009;128;2003-07-09 00:00:00
2003;returnoftheking;1;377027325;2217807;170;2003-12-17 00:00:00
2003;lostintranslation;0;43217012;263518;164;2003-09-12 00:00:00
2003;masterandcommander;0;93921256;536692;175;2003-11-14 00:00:00
2003;mysticriver;0;90135191;393603;229;2003-10-08 00:00:00
2003;seabiscuit;0;120170960;903541;133;2003-07-25 00:00:00
2003;findingnemo;0;335299448;2890512;116;2003-05-30 00:00:00
2003;masterandcommander;1;93921256;536692;175;2003-11-14 00:00:00
2003;piratesofthecaribbean;0;302977271;2367009;128;2003-07-09 00:00:00
2003;returnoftheking;1;377027325;2217807;170;2003-12-17 00:00:00
2003;masterandcommander;0;93921256;536692;175;2003-11-14 00:00:00
2003;piratesofthecaribbean;0;302977271;2367009;128;2003-07-09 00:00:00
2003;americansplendor;0;5604002;93400;60;2003-08-15 00:00:00
2003;cityofgod;0;4667761;17288;270;2003-01-17 00:00:00
2003;returnoftheking;1;377027325;2217807;170;2003-12-17 00:00:00
2003;mysticriver;0;90135191;393603;229;2003-10-08 00:00:00
2003;seabiscuit;0;120170960;903541;133;2003-07-25 00:00:00
2003;barbarianinvasions;0;216456;15461;14;2003-11-21 00:00:00
2003;dirtyprettythings;0;7718288;87707;88;2003-07-18 00:00:00
2003;findingnemo;0;335299448;2890512;116;2003-05-30 00:00:00
2003;inamerica;0;15518515;91285;170;2003-11-26 00:00:00
2003;lostintranslation;1;43217012;263518;164;2003-09-12 00:00:00
2004;hotelrwanda;0;23530892;183835;128;2004-12-22 00:00:00
2004;findingneverland;0;49590262;431219;115;2004-11-12 00:00:00
2004;aviator;0;101270465;1002677;101;2004-12-17 00:00:00
2004;milliondollarbaby;0;100434592;567427;177;2004-12-15 00:00:00
2004;ray;1;75331600;538082;140;2004-10-29 00:00:00
2004;aviator;0;101270465;1002677;101;2004-12-17 00:00:00
2004;sideways;0;71500193;352217;203;2004-10-22 00:00:00
2004;collateral;0;100170152;1431002;70;2004-08-06 00:00:00
2004;milliondollarbaby;1;100434592;567427;177;2004-12-15 00:00:00
2004;closer;0;33987757;465585;73;2004-12-03 00:00:00
2004;beingjulia;0;392702;39270;10;2004-10-15 00:00:00
2004;mariafullofgrace;0;2605693;84054;31;2004-07-16 00:00:00
2004;veradrake;0;788198;32841;24;2004-10-08 00:00:00
2004;milliondollarbaby;1;100434592;567427;177;2004-12-15 00:00:00
2004;eternalsunshine;0;33745508;421818;80;2004-03-19 00:00:00
2004;aviator;1;101270465;1002677;101;2004-12-17 00:00:00
2004;kinsey;0;10254979;73249;140;2004-11-12 00:00:00
2004;sideways;0;71500193;352217;203;2004-10-22 00:00:00
2004;hotelrwanda;0;23530892;183835;128;2004-12-22 00:00:00
2004;closer;0;33987757;465585;73;2004-12-03 00:00:00
2004;aviator;1;101270465;1002677;101;2004-12-17 00:00:00
2004;findingneverland;0;49590262;431219;115;2004-11-12 00:00:00
2004;lemonysnicket;0;118634549;891989;133;2004-12-17 00:00:00
2004;phantomoftheopera;0;51234413;360805;142;2004-12-22 00:00:00
2004;verylongengagement;0;6200009;63265;98;2004-11-26 00:00:00
2004;aviator;1;101270465;1002677;101;2004-12-17 00:00:00
2004;houseofflyingdaggers;0;8238000;164760;50;2004-12-03 00:00:00
2004;passionofthechrist;0;369895388;3591217;103;2004-02-25 00:00:00
2004;phantomoftheopera;0;51234413;360805;142;2004-12-22 00:00:00
2004;verylongengagement;0;6200009;63265;98;2004-11-26 00:00:00
2004;aviator;1;101270465;1002677;101;2004-12-17 00:00:00
2004;findingneverland;0;49590262;431219;115;2004-11-12 00:00:00
2004;lemonysnicket;0;118634549;891989;133;2004-12-17 00:00:00
2004;ray;0;75331600;538082;140;2004-10-29 00:00:00
2004;troy;0;133259341;1359789;98;2004-05-14 00:00:00
2004;aviator;0;101270465;1002677;101;2004-12-17 00:00:00
2004;milliondollarbaby;1;100434592;567427;177;2004-12-15 00:00:00
2004;ray;0;75331600;538082;140;2004-10-29 00:00:00
2004;sideways;0;71500193;352217;203;2004-10-22 00:00:00
2004;veradrake;0;788198;32841;24;2004-10-08 00:00:00
2004;aviator;1;101270465;1002677;101;2004-12-17 00:00:00
2004;collateral;0;100170152;1431002;70;2004-08-06 00:00:00
2004;findingneverland;0;49590262;431219;115;2004-11-12 00:00:00
2004;milliondollarbaby;0;100434592;567427;177;2004-12-15 00:00:00
2004;ray;0;75331600;538082;140;2004-10-29 00:00:00
2004;downfall;0;4159168;70494;59;2005-02-18 00:00:00
2004;seainside;1;;;;2004-12-17 00:00:00
2004;lemonysnicket;1;118634549;891989;133;2004-12-17 00:00:00
2004;passionofthechrist;0;369895388;3591217;103;2004-02-25 00:00:00
2004;seainside;0;;;;2004-12-17 00:00:00
2004;aviator;0;101270465;1002677;101;2004-12-17 00:00:00
2004;findingneverland;0;49590262;431219;115;2004-11-12 00:00:00
2004;milliondollarbaby;1;100434592;567427;177;2004-12-15 00:00:00
2004;ray;0;75331600;538082;140;2004-10-29 00:00:00
2004;sideways;0;71500193;352217;203;2004-10-22 00:00:00
2004;incredibles;1;256887647;3336203;77;2004-11-05 00:00:00
2004;polarexpress;0;162775358;1345250;121;2004-11-10 00:00:00
2004;spiderman2;0;373377893;2705636;138;2004-06-30 00:00:00
2004;harrypotter3;0;249367187;1619267;154;2004-06-04 00:00:00
2004;irobot;0;144763065;984782;147;2004-07-16 00:00:00
2004;spiderman2;1;373377893;2705636;138;2004-06-30 00:00:00
2004;beforesunset;0;5802923;48764;119;2004-07-02 00:00:00
2004;findingneverland;0;49590262;431219;115;2004-11-12 00:00:00
2004;milliondollarbaby;0;100434592;567427;177;2004-12-15 00:00:00
2004;motorcyclediaries;0;12733850;215827;59;2004-09-24 00:00:00
2004;sideways;1;71500193;352217;203;2004-10-22 00:00:00
2004;aviator;0;101270465;1002677;101;2004-12-17 00:00:00
2004;eternalsunshine;1;33745508;421818;80;2004-03-19 00:00:00
2004;hotelrwanda;0;23530892;183835;128;2004-12-22 00:00:00
2004;incredibles;0;256887647;3336203;77;2004-11-05 00:00:00
2004;veradrake;0;788198;32841;24;2004-10-08 00:00:00
2005;capote;1;28028008;160160;175;2005-09-30 00:00:00
2005;brokebackmountain;0;82742798;738774;112;2005-12-09 00:00:00
2005;walktheline;0;119514920;742328;161;2005-11-18 00:00:00
2005;goodnightandgoodluck;0;31558003;196012;161;2005-10-07 00:00:00
2005;syriana;1;50824620;341104;149;2005-11-23 00:00:00
2005;crash05;0;54580300;173270;315;2005-05-06 00:00:00
2005;cinderellaman;0;61649911;326190;189;2005-06-03 00:00:00
2005;brokebackmountain;0;82742798;738774;112;2005-12-09 00:00:00
2005;historyofviolence;0;30524394;587007;52;2005-09-23 00:00:00
2005;mrshendersonpresents;0;11036366;63064;175;2005-12-09 00:00:00
2005;transamerica;0;9015303;49534;182;2005-12-02 00:00:00
2005;northcountry;0;18337722;218306;84;2005-10-21 00:00:00
2005;walktheline;1;119514920;742328;161;2005-11-18 00:00:00
2005;junebug;0;;;;2005-08-03 00:00:00
2005;capote;0;28028008;160160;175;2005-09-30 00:00:00
2005;northcountry;0;18337722;218306;84;2005-10-21 00:00:00
2005;constantgardener;1;32109493;683180;47;2005-08-31 00:00:00
2005;brokebackmountain;0;82742798;738774;112;2005-12-09 00:00:00
2005;goodnightandgoodluck;0;31558003;196012;161;2005-10-07 00:00:00
2005;harrypotter4;0;290013036;2071521;140;2005-11-18 00:00:00
2005;kingkong05;0;218080025;1912982;114;2005-12-14 00:00:00
2005;memoirsofageisha;1;57010853;606498;94;2005-12-09 00:00:00
2005;batmanbegins;0;205343774;1487998;138;2005-06-15 00:00:00
2005;brokebackmountain;0;82742798;738774;112;2005-12-09 00:00:00
2005;goodnightandgoodluck;0;31558003;196012;161;2005-10-07 00:00:00
2005;memoirsofageisha;1;57010853;606498;94;2005-12-09 00:00:00
2005;newworld;0;7834330;217620;36;2005-12-25 00:00:00
2005;charliechocolate;0;206459076;1404483;147;2005-07-15 00:00:00
2005;memoirsofageisha;1;57010853;606498;94;2005-12-09 00:00:00
2005;mrshendersonpresents;0;11036366;63064;175;2005-12-09 00:00:00
2005;walktheline;0;119514920;742328;161;2005-11-18 00:00:00
2005;brokebackmountain;1;82742798;738774;112;2005-12-09 00:00:00
2005;capote;0;28028008;160160;175;2005-09-30 00:00:00
2005;crash05;0;54580300;173270;315;2005-05-06 00:00:00
2005;goodnightandgoodluck;0;31558003;196012;161;2005-10-07 00:00:00
2005;munich;0;47403685;483711;98;2005-12-23 00:00:00
2005;cinderellaman;0;61649911;326190;189;2005-06-03 00:00:00
2005;constantgardener;0;32109493;683180;47;2005-08-31 00:00:00
2005;crash05;1;54580300;173270;315;2005-05-06 00:00:00
2005;munich;0;47403685;483711;98;2005-12-23 00:00:00
2005;walktheline;0;119514920;742328;161;2005-11-18 00:00:00
2005;donttell;0;29015;2072;14;2006-03-17 00:00:00
2005;paradisenow;0;1457843;9917;147;2005-10-28 00:00:00
2005;sophiescholl;0;;;;2006-02-17 00:00:00
2005;tsotsi;1;1344021;38400;35;2006-02-24 00:00:00
2005;narnia;1;287482269;3733535;77;2005-12-09 00:00:00
2005;cinderellaman;0;61649911;326190;189;2005-06-03 00:00:00
2005;brokebackmountain;0;82742798;738774;112;2005-12-09 00:00:00
2005;capote;0;28028008;160160;175;2005-09-30 00:00:00
2005;crash05;1;54580300;173270;315;2005-05-06 00:00:00
2005;goodnightandgoodluck;0;31558003;196012;161;2005-10-07 00:00:00
2005;munich;0;47403685;483711;98;2005-12-23 00:00:00
2005;kingkong05;1;218080025;1912982;114;2005-12-14 00:00:00
2005;memoirsofageisha;0;57010853;606498;94;2005-12-09 00:00:00
2005;waroftheworlds;0;234280354;1593743;147;2005-06-29 00:00:00
2005;narnia;0;287482269;3733535;77;2005-12-09 00:00:00
2005;kingkong05;1;218080025;1912982;114;2005-12-14 00:00:00
2005;waroftheworlds;0;234280354;1593743;147;2005-06-29 00:00:00
2005;brokebackmountain;1;82742798;738774;112;2005-12-09 00:00:00
2005;capote;0;28028008;160160;175;2005-09-30 00:00:00
2005;constantgardener;0;32109493;683180;47;2005-08-31 00:00:00
2005;historyofviolence;0;30524394;587007;52;2005-09-23 00:00:00
2005;munich;0;47403685;483711;98;2005-12-23 00:00:00
2005;crash05;1;54580300;173270;315;2005-05-06 00:00:00
2005;goodnightandgoodluck;0;31558003;196012;161;2005-10-07 00:00:00
2005;matchpoint;0;23151529;269203;86;2005-12-28 00:00:00
2005;squidandthewhale;0;2787794;59314;47;2005-10-05 00:00:00
2005;syriana;0;50824620;341104;149;2005-11-23 00:00:00
2006;blooddiamond;0;57377916;455380;126;2006-12-08 00:00:00
2006;halfnelson;0;;;;2006-08-11 00:00:00
2006;venus;0;5763;5763;1;2006-12-21 00:00:00
2006;pursuitofhappyness;0;162586036;2227205;73;2006-12-15 00:00:00
2006;lastkingofscotland;1;17584817;80295;219;2006-09-27 00:00:00
2006;littlemisssunshine;1;59889703;249540;240;2006-07-26 00:00:00
2006;littlechildren;0;1056474;34079;31;2006-10-06 00:00:00
2006;blooddiamond;0;57377916;455380;126;2006-12-08 00:00:00
2006;dreamgirls;0;103365956;820364;126;2006-12-15 00:00:00
2006;departed;0;132384315;788001;168;2006-10-06 00:00:00
2006;volver;0;10366281;105778;98;2006-11-03 00:00:00
2006;notesonascandal;0;17493725;142225;123;2006-12-25 00:00:00
2006;queen;1;55885355;321180;174;2006-09-30 00:00:00
2006;devilwearsprada;0;124724787;809901;154;2006-06-30 00:00:00
2006;littlechildren;0;1056474;34079;31;2006-10-06 00:00:00
2006;babel;0;34302837;222745;154;2006-10-27 00:00:00
2006;notesonascandal;0;17493725;142225;123;2006-12-25 00:00:00
2006;littlemisssunshine;0;59889703;249540;240;2006-07-26 00:00:00
2006;dreamgirls;1;103365956;820364;126;2006-12-15 00:00:00
2006;babel;0;34302837;222745;154;2006-10-27 00:00:00
2006;dreamgirls;0;103365956;820364;126;2006-12-15 00:00:00
2006;goodshepherd;0;59908565;778033;77;2006-12-22 00:00:00
2006;panslabyrinth;1;37634615;224015;168;2006-12-29 00:00:00
2006;piratesofthecaribbean2;0;419866407;4998409;84;2006-07-07 00:00:00
2006;prestige;0;51303155;1221503;42;2006-10-20 00:00:00
2006;blackdahlia;0;22545080;536787;42;2006-09-15 00:00:00
2006;childrenofmen;0;35327768;436145;81;2006-12-25 00:00:00
2006;illusionist;0;39868642;219058;182;2006-08-18 00:00:00
2006;panslabyrinth;1;37634615;224015;168;2006-12-29 00:00:00
2006;prestige;0;51303155;1221503;42;2006-10-20 00:00:00
2006;curseofthegoldenflower;0;6108441;169678;36;2006-12-21 00:00:00
2006;devilwearsprada;0;124724787;809901;154;2006-06-30 00:00:00
2006;dreamgirls;0;103365956;820364;126;2006-12-15 00:00:00
2006;marieantoinette;1;15962471;354721;45;2006-10-20 00:00:00
2006;queen;0;55885355;321180;174;2006-09-30 00:00:00
2006;babel;0;34302837;222745;154;2006-10-27 00:00:00
2006;departed;1;132384315;788001;168;2006-10-06 00:00:00
2006;lettersfromiwojima;0;13756082;107469;128;2006-12-20 00:00:00
2006;queen;0;55885355;321180;174;2006-09-30 00:00:00
2006;united93;0;31483450;449763;70;2006-04-28 00:00:00
2006;babel;0;34302837;222745;154;2006-10-27 00:00:00
2006;blooddiamond;0;57377916;455380;126;2006-12-08 00:00:00
2006;childrenofmen;0;35327768;436145;81;2006-12-25 00:00:00
2006;departed;1;132384315;788001;168;2006-10-06 00:00:00
2006;united93;0;31483450;449763;70;2006-04-28 00:00:00
2006;afterthewedding;0;;;;2007-03-30 00:00:00
2006;livesofothers;1;8321041;118872;70;2007-02-09 00:00:00
2006;panslabyrinth;0;37634615;224015;168;2006-12-29 00:00:00
2006;water06;0;3209671;26972;119;2006-04-28 00:00:00
2006;apocalypto;0;50300345;898220;56;2006-12-08 00:00:00
2006;click;0;137340146;1461065;94;2006-06-23 00:00:00
2006;panslabyrinth;1;37634615;224015;168;2006-12-29 00:00:00
2006;babel;0;34302837;222745;154;2006-10-27 00:00:00
2006;departed;1;132384315;788001;168;2006-10-06 00:00:00
2006;lettersfromiwojima;0;13756082;107469;128;2006-12-20 00:00:00
2006;littlemisssunshine;0;59889703;249540;240;2006-07-26 00:00:00
2006;queen;0;55885355;321180;174;2006-09-30 00:00:00
2006;apocalypto;0;50300345;898220;56;2006-12-08 00:00:00
2006;blooddiamond;0;57377916;455380;126;2006-12-08 00:00:00
2006;flagsofourfathers;0;33602376;600042;56;2006-10-20 00:00:00
2006;lettersfromiwojima;1;13756082;107469;128;2006-12-20 00:00:00
2006;piratesofthecaribbean2;0;419866407;4998409;84;2006-07-07 00:00:00
2006;piratesofthecaribbean2;1;419866407;4998409;84;2006-07-07 00:00:00
2006;poseidon;0;60674817;666756;91;2006-05-12 00:00:00
2006;superman06;0;200081192;1563134;128;2006-06-28 00:00:00
2006;childrenofmen;0;35327768;436145;81;2006-12-25 00:00:00
2006;departed;1;132384315;788001;168;2006-10-06 00:00:00
2006;littlechildren;0;1056474;34079;31;2006-10-06 00:00:00
2006;notesonascandal;0;17493725;142225;123;2006-12-25 00:00:00
2006;babel;0;34302837;222745;154;2006-10-27 00:00:00
2006;lettersfromiwojima;0;13756082;107469;128;2006-12-20 00:00:00
2006;littlemisssunshine;1;59889703;249540;240;2006-07-26 00:00:00
2006;panslabyrinth;0;37634615;224015;168;2006-12-29 00:00:00
2006;queen;0;55885355;321180;174;2006-09-30 00:00:00
2007;michaelclayton;0;49033882;291868;168;2007-10-05 00:00:00
2007;therewillbeblood;1;40222514;314238;128;2007-12-26 00:00:00
2007;inthevalleyofelah;0;6777741;42097;161;2007-09-14 00:00:00
2007;easternpromises;0;17181265;350638;49;2007-09-14 00:00:00
2007;jessejames;0;3909149;29392;133;2007-09-21 00:00:00
2007;nocountryforoldmen;1;74223625;519046;143;2007-11-09 00:00:00
2007;charliewilsonswar;0;66661095;865728;77;2007-12-21 00:00:00
2007;intothewild;0;18354356;97112;189;2007-09-21 00:00:00
2007;michaelclayton;0;49033882;291868;168;2007-10-05 00:00:00
2007;goldenage;0;16285240;332351;49;2007-10-12 00:00:00
2007;awayfromher;0;4571521;59370;77;2007-05-04 00:00:00
2007;lavieenrose;1;10301706;33447;308;2007-06-08 00:00:00
2007;savages;0;6515688;53848;121;2007-11-28 00:00:00
2007;juno;0;143454918;843852;170;2007-12-05 00:00:00
2007;imnotthere;0;4017609;37547;107;2007-11-21 00:00:00
2007;americangangster;0;130164645;1430380;91;2007-11-02 00:00:00
2007;atonement;0;50927067;404183;126;2007-12-07 00:00:00
2007;gonebabygone;0;20058143;358181;56;2007-10-19 00:00:00
2007;michaelclayton;1;49033882;291868;168;2007-10-05 00:00:00
2007;americangangster;0;130164645;1430380;91;2007-11-02 00:00:00
2007;atonement;0;50927067;404183;126;2007-12-07 00:00:00
2007;goldencompass;0;68530210;1398575;49;2007-12-07 00:00:00
2007;therewillbeblood;0;40222514;314238;128;2007-12-26 00:00:00
2007;jessejames;0;3909149;29392;133;2007-09-21 00:00:00
2007;atonement;0;50927067;404183;126;2007-12-07 00:00:00
2007;divingbellandthebutterfly;0;5021124;59775;84;2007-11-30 00:00:00
2007;nocountryforoldmen;0;74223625;519046;143;2007-11-09 00:00:00
2007;therewillbeblood;1;40222514;314238;128;2007-12-26 00:00:00
2007;acrosstheuniverse;0;;;;2007-09-14 00:00:00
2007;atonement;0;50927067;404183;126;2007-12-07 00:00:00
2007;goldenage;1;16285240;332351;49;2007-10-12 00:00:00
2007;lavieenrose;0;10301706;33447;308;2007-06-08 00:00:00
2007;divingbellandthebutterfly;0;5021124;59775;84;2007-11-30 00:00:00
2007;juno;0;143454918;843852;170;2007-12-05 00:00:00
2007;michaelclayton;0;49033882;291868;168;2007-10-05 00:00:00
2007;nocountryforoldmen;1;74223625;519046;143;2007-11-09 00:00:00
2007;therewillbeblood;0;40222514;314238;128;2007-12-26 00:00:00
2007;bourneultimatum;1;227471070;1911521;119;2007-08-03 00:00:00
2007;divingbellandthebutterfly;0;5021124;59775;84;2007-11-30 00:00:00
2007;intothewild;0;18354356;97112;189;2007-09-21 00:00:00
2007;nocountryforoldmen;0;74223625;519046;143;2007-11-09 00:00:00
2007;therewillbeblood;0;40222514;314238;128;2007-12-26 00:00:00
2007;beaufort;0;;;;2008-01-18 00:00:00
2007;counterfeiters;1;;;;2008-02-22 00:00:00
2007;mongol;0;5705761;58222;98;2008-06-06 00:00:00
2007;lavieenrose;1;10301706;33447;308;2007-06-08 00:00:00
2007;norbit;0;95360247;1135241;84;2007-02-09 00:00:00
2007;piratesofthecaribbean3;0;306483088;4864810;63;2007-05-25 00:00:00
2007;atonement;0;50927067;404183;126;2007-12-07 00:00:00
2007;juno;0;143454918;843852;170;2007-12-05 00:00:00
2007;michaelclayton;0;49033882;291868;168;2007-10-05 00:00:00
2007;nocountryforoldmen;1;74223625;519046;143;2007-11-09 00:00:00
2007;therewillbeblood;0;40222514;314238;128;2007-12-26 00:00:00
2007;bourneultimatum;1;227471070;1911521;119;2007-08-03 00:00:00
2007;nocountryforoldmen;0;74223625;519046;143;2007-11-09 00:00:00
2007;ratatouille;0;201423520;2877478;70;2007-06-29 00:00:00
2007;therewillbeblood;0;40222514;314238;128;2007-12-26 00:00:00
2007;transformers06;0;319071806;2473424;129;2007-07-03 00:00:00
2007;goldencompass;1;68530210;1398575;49;2007-12-07 00:00:00
2007;piratesofthecaribbean3;0;306483088;4864810;63;2007-05-25 00:00:00
2007;transformers06;0;319071806;2473424;129;2007-07-03 00:00:00
2007;atonement;0;50927067;404183;126;2007-12-07 00:00:00
2007;awayfromher;0;4571521;59370;77;2007-05-04 00:00:00
2007;divingbellandthebutterfly;0;5021124;59775;84;2007-11-30 00:00:00
2007;nocountryforoldmen;1;74223625;519046;143;2007-11-09 00:00:00
2007;therewillbeblood;0;40222514;314238;128;2007-12-26 00:00:00
2007;juno;1;143454918;843852;170;2007-12-05 00:00:00
2007;larsandtherealgirl;0;5956480;40520;147;2007-10-12 00:00:00
2007;michaelclayton;0;49033882;291868;168;2007-10-05 00:00:00
2007;ratatouille;0;201423520;2877478;70;2007-06-29 00:00:00
2007;savages;0;6515688;53848;121;2007-11-28 00:00:00
2008;visitor08;0;9427089;51797;182;2008-04-11 00:00:00
2008;frostnixon;0;18622031;166268;112;2008-12-05 00:00:00
2008;milk;1;31841299;224234;142;2008-11-26 00:00:00
2008;curiouscaseofbenjaminbutton;0;127509326;1062577;120;2008-12-25 00:00:00
2008;wrestler;0;26232937;184738;142;2008-12-17 00:00:00
2008;milk;0;31841299;224234;142;2008-11-26 00:00:00
2008;tropicthunder;0;110461307;1187755;93;2008-08-13 00:00:00
2008;doubt;0;33446470;281062;119;2008-12-12 00:00:00
2008;darkknight;1;533345358;2308854;231;2008-07-18 00:00:00
2008;revolutionaryroad;0;22911480;233790;98;2008-12-26 00:00:00
2008;rachelgettingmarried;0;10758023;98697;109;2008-10-03 00:00:00
2008;changeling08;0;35739802;464153;77;2008-10-24 00:00:00
2008;frozenriver;0;;;;2008-08-01 00:00:00
2008;doubt;0;33446470;281062;119;2008-12-12 00:00:00
2008;reader;1;34194407;220609;155;2008-12-10 00:00:00
2008;doubt;0;33446470;281062;119;2008-12-12 00:00:00
2008;vickycristinabarcelona;1;23216709;122839;189;2008-08-15 00:00:00
2008;doubt;0;33446470;281062;119;2008-12-12 00:00:00
2008;curiouscaseofbenjaminbutton;0;127509326;1062577;120;2008-12-25 00:00:00
2008;wrestler;0;26232937;184738;142;2008-12-17 00:00:00
2008;changeling08;0;35739802;464153;77;2008-10-24 00:00:00
2008;curiouscaseofbenjaminbutton;1;127509326;1062577;120;2008-12-25 00:00:00
2008;darkknight;0;533345358;2308854;231;2008-07-18 00:00:00
2008;duchess;0;13848978;164868;84;2008-09-19 00:00:00
2008;revolutionaryroad;0;22911480;233790;98;2008-12-26 00:00:00
2008;changeling08;0;35739802;464153;77;2008-10-24 00:00:00
2008;curiouscaseofbenjaminbutton;0;127509326;1062577;120;2008-12-25 00:00:00
2008;darkknight;0;533345358;2308854;231;2008-07-18 00:00:00
2008;reader;0;34194407;220609;155;2008-12-10 00:00:00
2008;slumdogmillionaire;1;141313054;739858;191;2008-11-12 00:00:00
2008;australia;0;49534424;462938;107;2008-11-26 00:00:00
2008;curiouscaseofbenjaminbutton;0;127509326;1062577;120;2008-12-25 00:00:00
2008;duchess;1;13848978;164868;84;2008-09-19 00:00:00
2008;milk;0;31841299;224234;142;2008-11-26 00:00:00
2008;revolutionaryroad;0;22911480;233790;98;2008-12-26 00:00:00
2008;curiouscaseofbenjaminbutton;0;127509326;1062577;120;2008-12-25 00:00:00
2008;frostnixon;0;18622031;166268;112;2008-12-05 00:00:00
2008;milk;0;31841299;224234;142;2008-11-26 00:00:00
2008;reader;0;34194407;220609;155;2008-12-10 00:00:00
2008;slumdogmillionaire;1;141313054;739858;191;2008-11-12 00:00:00
2008;curiouscaseofbenjaminbutton;0;127509326;1062577;120;2008-12-25 00:00:00
2008;darkknight;0;533345358;2308854;231;2008-07-18 00:00:00
2008;frostnixon;0;18622031;166268;112;2008-12-05 00:00:00
2008;milk;0;31841299;224234;142;2008-11-26 00:00:00
2008;slumdogmillionaire;1;141313054;739858;191;2008-11-12 00:00:00
2008;baadermeinhofcomplex;0;;;;2009-08-21 00:00:00
2008;class08;0;;;;2008-12-19 00:00:00
2008;departures;1;;;;2009-05-29 00:00:00
2008;revanche;0;;;;2009-05-01 00:00:00
2008;waltzwithbashir;0;;;;2008-12-25 00:00:00
2008;curiouscaseofbenjaminbutton;1;127509326;1062577;120;2008-12-25 00:00:00
2008;darkknight;0;533345358;2308854;231;2008-07-18 00:00:00
2008;hellboy2;0;75791785;1082739;70;2008-07-11 00:00:00
2008;curiouscaseofbenjaminbutton;0;127509326;1062577;120;2008-12-25 00:00:00
2008;frostnixon;0;18622031;166268;112;2008-12-05 00:00:00
2008;milk;0;31841299;224234;142;2008-11-26 00:00:00
2008;reader;0;34194407;220609;155;2008-12-10 00:00:00
2008;slumdogmillionaire;1;141313054;739858;191;2008-11-12 00:00:00
2008;darkknight;1;533345358;2308854;231;2008-07-18 00:00:00
2008;ironman;0;318604126;1978907;161;2008-05-02 00:00:00
2008;slumdogmillionaire;0;141313054;739858;191;2008-11-12 00:00:00
2008;wall-e;0;223799741;1184125;189;2008-06-27 00:00:00
2008;wanted;0;134327125;1599132;84;2008-06-27 00:00:00
2008;curiouscaseofbenjaminbutton;1;127509326;1062577;120;2008-12-25 00:00:00
2008;darkknight;0;533345358;2308854;231;2008-07-18 00:00:00
2008;ironman;0;318604126;1978907;161;2008-05-02 00:00:00
2008;curiouscaseofbenjaminbutton;0;127509326;1062577;120;2008-12-25 00:00:00
2008;doubt;0;33446470;281062;119;2008-12-12 00:00:00
2008;frostnixon;0;18622031;166268;112;2008-12-05 00:00:00
2008;reader;0;34194407;220609;155;2008-12-10 00:00:00
2008;slumdogmillionaire;1;141313054;739858;191;2008-11-12 00:00:00
2008;frozenriver;0;;;;2008-08-01 00:00:00
2008;happygolucky;0;3512016;33447;105;2008-10-10 00:00:00
2008;inbruges;0;7800824;55720;140;2008-02-08 00:00:00
2008;milk;1;31841299;224234;142;2008-11-26 00:00:00
2008;wall-e;0;223799741;1184125;189;2008-06-27 00:00:00
2009;crazyheart;1;39458875;242078;163;2009-12-16 00:00:00
2009;upintheair;0;83823381;665264;126;2009-12-04 00:00:00
2009;singleman;0;9152334;72637;126;2009-12-11 00:00:00
2009;eastwood09;0;37491364;357060;105;2009-12-11 00:00:00
2009;hurtlocker;0;12671105;86197;147;2009-06-26 00:00:00
2009;eastwood09;0;37491364;357060;105;2009-12-11 00:00:00
2009;messenger09;0;;;;2009-11-13 00:00:00
2009;thelaststation;0;;;;2010-01-15 00:00:00
2009;lovelybones;0;44028238;449267;98;2009-12-11 00:00:00
2009;inglouriousbasterds;1;120540719;1012947;119;2009-08-21 00:00:00
2009;blindside;1;255951749;1406328;182;2009-11-20 00:00:00
2009;thelaststation;0;;;;2010-01-15 00:00:00
2009;aneducation;0;;;;2009-10-09 00:00:00
2009;julieandjulia;0;94125426;818481;115;2009-08-07 00:00:00
2009;nine;0;19670243;234169;84;2009-12-18 00:00:00
2009;upintheair;0;83823381;665264;126;2009-12-04 00:00:00
2009;crazyheart;0;39458875;242078;163;2009-12-16 00:00:00
2009;upintheair;0;83823381;665264;126;2009-12-04 00:00:00
2009;avatar;1;749766139;3204128;234;2009-12-18 00:00:00
2009;imaginariumofdoctorparnassus;0;;;;2009-12-25 00:00:00
2009;nine;0;19670243;234169;84;2009-12-18 00:00:00
2009;sherlockholmes;0;209028679;1658957;126;2009-12-25 00:00:00
2009;youngvictoria;0;11001272;82716;133;2009-12-18 00:00:00
2009;avatar;1;749766139;3204128;234;2009-12-18 00:00:00
2009;harrypotter6;0;301959197;1935635;156;2009-07-15 00:00:00
2009;hurtlocker;0;12671105;86197;147;2009-06-26 00:00:00
2009;inglouriousbasterds;0;120540719;1012947;119;2009-08-21 00:00:00
2009;whiteribbon;0;;;;2009-12-30 00:00:00
2009;brightstar;0;4444637;51681;86;2009-09-16 00:00:00
2009;imaginariumofdoctorparnassus;0;;;;2009-12-25 00:00:00
2009;nine;0;19670243;234169;84;2009-12-18 00:00:00
2009;youngvictoria;1;11001272;82716;133;2009-12-18 00:00:00
2009;avatar;0;749766139;3204128;234;2009-12-18 00:00:00
2009;hurtlocker;1;12671105;86197;147;2009-06-26 00:00:00
2009;inglouriousbasterds;0;120540719;1012947;119;2009-08-21 00:00:00
2009;upintheair;0;83823381;665264;126;2009-12-04 00:00:00
2009;avatar;0;749766139;3204128;234;2009-12-18 00:00:00
2009;district9;0;115646235;1445577;80;2009-08-14 00:00:00
2009;hurtlocker;1;12671105;86197;147;2009-06-26 00:00:00
2009;inglouriousbasterds;0;120540719;1012947;119;2009-08-21 00:00:00
2009;ajami;0;;;;2010-02-03 00:00:00
2009;milkofsorrow;0;;;;2010-08-27 00:00:00
2009;secretintheireyes;1;;;;2010-04-16 00:00:00
2009;whiteribbon;0;;;;2009-12-30 00:00:00
2009;ildivo;0;;;;2009-04-24 00:00:00
2009;startrek11;1;257730019;1753265;147;2009-05-08 00:00:00
2009;youngvictoria;0;11001272;82716;133;2009-12-18 00:00:00
2009;avatar;0;749766139;3204128;234;2009-12-18 00:00:00
2009;blindside;0;255951749;1406328;182;2009-11-20 00:00:00
2009;district9;0;115646235;1445577;80;2009-08-14 00:00:00
2009;aneducation;0;;;;2009-10-09 00:00:00
2009;hurtlocker;1;12671105;86197;147;2009-06-26 00:00:00
2009;inglouriousbasterds;0;120540719;1012947;119;2009-08-21 00:00:00
2009;seriousman;0;9228768;94171;98;2009-10-02 00:00:00
2009;up;0;290866563;2851632;102;2009-05-29 00:00:00
2009;upintheair;0;83823381;665264;126;2009-12-04 00:00:00
2009;avatar;0;749766139;3204128;234;2009-12-18 00:00:00
2009;hurtlocker;1;12671105;86197;147;2009-06-26 00:00:00
2009;inglouriousbasterds;0;120540719;1012947;119;2009-08-21 00:00:00
2009;startrek11;0;257730019;1753265;147;2009-05-08 00:00:00
2009;up;0;290866563;2851632;102;2009-05-29 00:00:00
2009;avatar;1;749766139;3204128;234;2009-12-18 00:00:00
2009;district9;0;115646235;1445577;80;2009-08-14 00:00:00
2009;startrek11;0;257730019;1753265;147;2009-05-08 00:00:00
2009;district9;0;115646235;1445577;80;2009-08-14 00:00:00
2009;aneducation;0;;;;2009-10-09 00:00:00
2009;intheloop;0;;;;2009-07-24 00:00:00
2009;upintheair;0;83823381;665264;126;2009-12-04 00:00:00
2009;hurtlocker;1;12671105;86197;147;2009-06-26 00:00:00
2009;inglouriousbasterds;0;120540719;1012947;119;2009-08-21 00:00:00
2009;messenger09;0;;;;2009-11-13 00:00:00
2009;seriousman;0;9228768;94171;98;2009-10-02 00:00:00
2009;up;0;290866563;2851632;102;2009-05-29 00:00:00
2010;biutiful;0;5101237;38355;133;2011-01-28 00:00:00
2010;truegrit2010;0;171050328;1336330;128;2010-12-22 00:00:00
2010;socialnetwork;0;96962694;629627;154;2010-10-01 00:00:00
2010;kingsspeech;1;135453143;1075024;126;2010-11-26 00:00:00
2010;127hours;0;;;;2010-11-05 00:00:00
2010;fighter10;1;93617009;835866;112;2010-12-10 00:00:00
2010;wintersbone;0;6531503;20800;314;2010-06-11 00:00:00
2010;town10;0;92186262;823091;112;2010-09-17 00:00:00
2010;kidsareallright;0;20811365;198203;105;2010-07-09 00:00:00
2010;kingsspeech;0;135453143;1075024;126;2010-11-26 00:00:00
2010;kidsareallright;0;20811365;198203;105;2010-07-09 00:00:00
2010;rabbithole;0;2229058;19902;112;2010-12-17 00:00:00
2010;wintersbone;0;6531503;20800;314;2010-06-11 00:00:00
2010;blackswan;1;106950757;727556;147;2010-12-03 00:00:00
2010;bluevalentine;0;9706328;85143;114;2010-12-29 00:00:00
2010;fighter10;0;93617009;835866;112;2010-12-10 00:00:00
2010;kingsspeech;0;135453143;1075024;126;2010-11-26 00:00:00
2010;fighter10;1;93617009;835866;112;2010-12-10 00:00:00
2010;truegrit2010;0;171050328;1336330;128;2010-12-22 00:00:00
2010;animalkingdom;0;;;;2010-08-13 00:00:00
2010;harrypotter7;0;295001070;2107150;140;2010-11-19 00:00:00
2010;inception;0;292576195;1671863;175;2010-07-16 00:00:00
2010;kingsspeech;0;135453143;1075024;126;2010-11-26 00:00:00
2010;truegrit2010;0;171050328;1336330;128;2010-12-22 00:00:00
2010;blackswan;0;106950757;727556;147;2010-12-03 00:00:00
2010;inception;1;292576195;1671863;175;2010-07-16 00:00:00
2010;kingsspeech;0;135453143;1075024;126;2010-11-26 00:00:00
2010;socialnetwork;0;96962694;629627;154;2010-10-01 00:00:00
2010;truegrit2010;0;171050328;1336330;128;2010-12-22 00:00:00
2010;iamlove;0;;;;2010-06-18 00:00:00
2010;kingsspeech;0;135453143;1075024;126;2010-11-26 00:00:00
2010;tempest10;0;237254;8473;28;2010-12-10 00:00:00
2010;truegrit2010;0;171050328;1336330;128;2010-12-22 00:00:00
2010;blackswan;0;106950757;727556;147;2010-12-03 00:00:00
2010;fighter10;0;93617009;835866;112;2010-12-10 00:00:00
2010;kingsspeech;1;135453143;1075024;126;2010-11-26 00:00:00
2010;socialnetwork;0;96962694;629627;154;2010-10-01 00:00:00
2010;truegrit2010;0;171050328;1336330;128;2010-12-22 00:00:00
2010;blackswan;0;106950757;727556;147;2010-12-03 00:00:00
2010;fighter10;0;93617009;835866;112;2010-12-10 00:00:00
2010;kingsspeech;0;135453143;1075024;126;2010-11-26 00:00:00
2010;127hours;0;;;;2010-11-05 00:00:00
2010;socialnetwork;1;96962694;629627;154;2010-10-01 00:00:00
2010;biutiful;0;5101237;38355;133;2011-01-28 00:00:00
2010;dogtooth;0;;;;2010-06-25 00:00:00
2010;inabetterworld;1;;;;2011-04-01 00:00:00
2010;outsidethelaw;0;;;;2010-11-03 00:00:00
2010;wayback;0;2658943;94962;28;2011-01-21 00:00:00
2010;wolfman;1;61979680;1264891;49;2010-02-12 00:00:00
2010;blackswan;0;106950757;727556;147;2010-12-03 00:00:00
2010;fighter10;0;93617009;835866;112;2010-12-10 00:00:00
2010;inception;0;292576195;1671863;175;2010-07-16 00:00:00
2010;kidsareallright;0;20811365;198203;105;2010-07-09 00:00:00
2010;kingsspeech;1;135453143;1075024;126;2010-11-26 00:00:00
2010;127hours;0;;;;2010-11-05 00:00:00
2010;socialnetwork;0;96962694;629627;154;2010-10-01 00:00:00
2010;toystory3;0;410171027;4507373;91;2010-06-18 00:00:00
2010;truegrit2010;0;171050328;1336330;128;2010-12-22 00:00:00
2010;wintersbone;0;6531503;20800;314;2010-06-11 00:00:00
2010;inception;1;292576195;1671863;175;2010-07-16 00:00:00
2010;toystory3;0;410171027;4507373;91;2010-06-18 00:00:00
2010;truegrit2010;0;171050328;1336330;128;2010-12-22 00:00:00
2010;unstoppable;0;81537988;728017;112;2010-11-12 00:00:00
2010;harrypotter7;0;295001070;2107150;140;2010-11-19 00:00:00
2010;hereafter;0;32746941;359856;91;2010-10-15 00:00:00
2010;inception;1;292576195;1671863;175;2010-07-16 00:00:00
2010;ironman2;0;312128345;2972650;105;2010-05-07 00:00:00
2010;127hours;0;;;;2010-11-05 00:00:00
2010;socialnetwork;1;96962694;629627;154;2010-10-01 00:00:00
2010;toystory3;0;410171027;4507373;91;2010-06-18 00:00:00
2010;truegrit2010;0;171050328;1336330;128;2010-12-22 00:00:00
2010;wintersbone;0;6531503;20800;314;2010-06-11 00:00:00
2010;anotheryear;0;;;;2010-12-29 00:00:00
2010;fighter10;0;93617009;835866;112;2010-12-10 00:00:00
2010;inception;0;292576195;1671863;175;2010-07-16 00:00:00
2010;kidsareallright;0;20811365;198203;105;2010-07-09 00:00:00
2010;kingsspeech;1;135453143;1075024;126;2010-11-26 00:00:00
2011;abetterlife;0;1759252;25132;70;2011-06-24 00:00:00
2011;descendents;0;82584160;529385;156;2011-11-16 00:00:00
2011;artist;1;44671682;212722;210;2011-11-25 00:00:00
2011;moneyball;0;75605492;586089;129;2011-09-23 00:00:00
2011;myweekwithmarilyn;0;14600347;108150;135;2011-11-23 00:00:00
2011;moneyball;0;75605492;586089;129;2011-09-23 00:00:00
2011;warrior10;0;13657115;243877;56;2011-09-09 00:00:00
2011;beginners;1;5790894;59090;98;2011-06-03 00:00:00
2011;extremelyloud;0;31847881;331748;96;2011-12-25 00:00:00
2011;albertnobbs;0;;;;2012-01-27 00:00:00
2011;help2011;0;167094661;1942961;86;2011-08-10 00:00:00
2011;girlwiththedragontattoo;0;;;;2010-03-19 00:00:00
2011;ironlady;1;30004924;252142;119;2011-12-30 00:00:00
2011;myweekwithmarilyn;0;14600347;108150;135;2011-11-23 00:00:00
2011;artist;0;44671682;212722;210;2011-11-25 00:00:00
2011;help2011;0;167094661;1942961;86;2011-08-10 00:00:00
2011;wiigapatow;0;169106725;1207905;140;2011-05-13 00:00:00
2011;albertnobbs;0;;;;2012-01-27 00:00:00
2011;help2011;1;167094661;1942961;86;2011-08-10 00:00:00
2011;artist;0;44671682;212722;210;2011-11-25 00:00:00
2011;harrypotter72;0;381011219;2864746;133;2011-07-15 00:00:00
2011;hugocabret;1;73864507;520172;142;2011-11-23 00:00:00
2011;midnightinparis;0;50899487;519382;98;2011-05-20 00:00:00
2011;warhorse;0;79120998;1163544;68;2011-12-25 00:00:00
2011;artist;0;44671682;212722;210;2011-11-25 00:00:00
2011;girlwiththedragontattoo;0;;;;2010-03-19 00:00:00
2011;hugocabret;1;73864507;520172;142;2011-11-23 00:00:00
2011;treeoflife;0;13228329;104986;126;2011-05-27 00:00:00
2011;warhorse;0;79120998;1163544;68;2011-12-25 00:00:00
2011;anonymous;0;4463292;99184;45;2011-10-28 00:00:00
2011;artist;1;44671682;212722;210;2011-11-25 00:00:00
2011;hugocabret;0;73864507;520172;142;2011-11-23 00:00:00
2011;janeeyre2011;0;11242660;89227;126;2011-03-11 00:00:00
2011;wemadonna;0;583455;5953;98;2012-02-03 00:00:00
2011;artist;1;44671682;212722;210;2011-11-25 00:00:00
2011;descendents;0;82584160;529385;156;2011-11-16 00:00:00
2011;hugocabret;0;73864507;520172;142;2011-11-23 00:00:00
2011;midnightinparis;0;50899487;519382;98;2011-05-20 00:00:00
2011;treeoflife;0;13228329;104986;126;2011-05-27 00:00:00
2011;artist;0;44671682;212722;210;2011-11-25 00:00:00
2011;descendents;0;82584160;529385;156;2011-11-16 00:00:00
2011;girlwiththedragontattoo;1;;;;2010-03-19 00:00:00
2011;hugocabret;0;73864507;520172;142;2011-11-23 00:00:00
2011;moneyball;0;75605492;586089;129;2011-09-23 00:00:00
2011;bullhead;0;;;;2012-02-17 00:00:00
2011;footnote;0;;;;2012-03-09 00:00:00
2011;indarkness;0;;;;2012-02-10 00:00:00
2011;aseperation;1;;;;2011-12-30 00:00:00
2011;albertnobbs;0;;;;2012-01-27 00:00:00
2011;harrypotter72;0;381011219;2864746;133;2011-07-15 00:00:00
2011;ironlady;1;30004924;252142;119;2011-12-30 00:00:00
2011;artist;1;44671682;212722;210;2011-11-25 00:00:00
2011;descendents;0;82584160;529385;156;2011-11-16 00:00:00
2011;extremelyloud;0;31847881;331748;96;2011-12-25 00:00:00
2011;help2011;0;167094661;1942961;86;2011-08-10 00:00:00
2011;hugocabret;0;73864507;520172;142;2011-11-23 00:00:00
2011;midnightinparis;0;50899487;519382;98;2011-05-20 00:00:00
2011;moneyball;0;75605492;586089;129;2011-09-23 00:00:00
2011;treeoflife;0;13228329;104986;126;2011-05-27 00:00:00
2011;warhorse;0;79120998;1163544;68;2011-12-25 00:00:00
2011;girlwiththedragontattoo;0;;;;2010-03-19 00:00:00
2011;hugocabret;1;73864507;520172;142;2011-11-23 00:00:00
2011;transformers3;0;352390543;3293369;107;2011-06-29 00:00:00
2011;warhorse;0;79120998;1163544;68;2011-12-25 00:00:00
2011;harrypotter72;0;381011219;2864746;133;2011-07-15 00:00:00
2011;hugocabret;1;73864507;520172;142;2011-11-23 00:00:00
2011;realsteel;0;82717854;1759954;47;2011-10-07 00:00:00
2011;riseoftheapes;0;176711822;1328660;133;2011-08-05 00:00:00
2011;transformers3;0;352390543;3293369;107;2011-06-29 00:00:00
2011;descendents;1;82584160;529385;156;2011-11-16 00:00:00
2011;hugocabret;0;73864507;520172;142;2011-11-23 00:00:00
2011;idesofmarch;0;40962534;435771;94;2011-10-07 00:00:00
2011;moneyball;0;75605492;586089;129;2011-09-23 00:00:00
2011;artist;0;44671682;212722;210;2011-11-25 00:00:00
2011;wiigapatow;0;169106725;1207905;140;2011-05-13 00:00:00
2011;margincall;0;5354039;44991;119;2011-10-21 00:00:00
2011;midnightinparis;1;50899487;519382;98;2011-05-20 00:00:00
2011;aseperation;0;;;;2011-12-30 00:00:00
2012;silverliningsplaybook;0;132092958;650704;203;2012-11-16 00:00:00
2012;lincoln;1;181591780;1365351;133;2012-11-09 00:00:00
2012;themaster;0;16258724;105576;154;2012-09-14 00:00:00
2012;flight;0;93772375;893070;105;2012-11-02 00:00:00
2012;argo;0;136024128;697559;195;2012-10-12 00:00:00
2012;silverliningsplaybook;0;132092958;650704;203;2012-11-16 00:00:00
2012;themaster;0;16258724;105576;154;2012-09-14 00:00:00
2012;lincoln;0;181591780;1365351;133;2012-11-09 00:00:00
2012;djangounchained;1;162805434;1138499;143;2012-12-25 00:00:00
2012;binladen;0;95720716;929327;103;2012-12-19 00:00:00
2012;silverliningsplaybook;1;132092958;650704;203;2012-11-16 00:00:00
2012;amour;0;;;;2012-12-19 00:00:00
2012;beastsofthesouthernwild;0;12795746;47745;268;2012-06-27 00:00:00
2012;impossible;0;19019882;159830;119;2012-12-21 00:00:00
2012;themaster;0;16258724;105576;154;2012-09-14 00:00:00
2012;lincoln;0;181591780;1365351;133;2012-11-09 00:00:00
2012;sixsessions;0;6002451;40833;147;2012-10-19 00:00:00
2012;silverliningsplaybook;0;132092958;650704;203;2012-11-16 00:00:00
2012;annakarenina2012;0;12816367;122060;105;2012-11-16 00:00:00
2012;djangounchained;0;162805434;1138499;143;2012-12-25 00:00:00
2012;lifeofpi;1;124987023;506020;247;2012-11-21 00:00:00
2012;lincoln;0;181591780;1365351;133;2012-11-09 00:00:00
2012;bond23;0;304164760;2816340;108;2012-11-09 00:00:00
2012;annakarenina2012;1;12816367;122060;105;2012-11-16 00:00:00
2012;lincoln;0;181591780;1365351;133;2012-11-09 00:00:00
2012;untitledsnowwhite;0;64935167;463822;140;2012-03-30 00:00:00
2012;snowwhiteandthehuntsman;0;155136755;1583028;98;2012-06-01 00:00:00
2012;amour;0;;;;2012-12-19 00:00:00
2012;beastsofthesouthernwild;0;12795746;47745;268;2012-06-27 00:00:00
2012;lifeofpi;1;124987023;506020;247;2012-11-21 00:00:00
2012;lincoln;0;181591780;1365351;133;2012-11-09 00:00:00
2012;silverliningsplaybook;0;132092958;650704;203;2012-11-16 00:00:00
2012;argo;1;136024128;697559;195;2012-10-12 00:00:00
2012;lifeofpi;0;124987023;506020;247;2012-11-21 00:00:00
2012;lincoln;0;181591780;1365351;133;2012-11-09 00:00:00
2012;silverliningsplaybook;0;132092958;650704;203;2012-11-16 00:00:00
2012;binladen;0;95720716;929327;103;2012-12-19 00:00:00
2012;amour;1;;;;2012-12-19 00:00:00
2012;kontiki;0;1517410;14451;105;2013-04-26 00:00:00
2012;aroyalaffair;0;;;;2012-11-09 00:00:00
2012;warwitch;0;;;;2013-03-01 00:00:00
2012;amour;0;;;;2012-12-19 00:00:00
2012;argo;1;136024128;697559;195;2012-10-12 00:00:00
2012;beastsofthesouthernwild;0;12795746;47745;268;2012-06-27 00:00:00
2012;djangounchained;0;162805434;1138499;143;2012-12-25 00:00:00
2012;lifeofpi;0;124987023;506020;247;2012-11-21 00:00:00
2012;lincoln;0;181591780;1365351;133;2012-11-09 00:00:00
2012;silverliningsplaybook;0;132092958;650704;203;2012-11-16 00:00:00
2012;binladen;0;95720716;929327;103;2012-12-19 00:00:00
2012;argo;0;136024128;697559;195;2012-10-12 00:00:00
2012;djangounchained;0;162805434;1138499;143;2012-12-25 00:00:00
2012;lifeofpi;0;124987023;506020;247;2012-11-21 00:00:00
2012;bond23;1;304164760;2816340;108;2012-11-09 00:00:00
2012;binladen;1;95720716;929327;103;2012-12-19 00:00:00
2012;hobbit;0;303003568;2278222;133;2012-12-14 00:00:00
2012;lifeofpi;1;124987023;506020;247;2012-11-21 00:00:00
2012;avengers11;0;621623219;4673858;133;2012-05-04 00:00:00
2012;prometheus;0;126477084;1204543;105;2012-06-08 00:00:00
2012;snowwhiteandthehuntsman;0;155136755;1583028;98;2012-06-01 00:00:00
2012;argo;1;136024128;697559;195;2012-10-12 00:00:00
2012;beastsofthesouthernwild;0;12795746;47745;268;2012-06-27 00:00:00
2012;lifeofpi;0;124987023;506020;247;2012-11-21 00:00:00
2012;lincoln;0;181591780;1365351;133;2012-11-09 00:00:00
2012;silverliningsplaybook;0;132092958;650704;203;2012-11-16 00:00:00
2012;amour;0;;;;2012-12-19 00:00:00
2012;djangounchained;1;162805434;1138499;143;2012-12-25 00:00:00
2012;flight;0;93772375;893070;105;2012-11-02 00:00:00
2012;moonrisekingdom;0;45512466;282686;161;2012-05-25 00:00:00
2012;binladen;0;95720716;929327;103;2012-12-19 00:00:00
2013;davido2013;0;150117807;1305372;115;2013-12-13 00:00:00
2013;nebraska;0;17654912;140118;126;2013-11-15 00:00:00
2013;wolfofwallstreet;0;116900694;1169006;100;2013-12-25 00:00:00
2013;twelveyearsaslave;0;;;;2013-10-18 00:00:00
2013;dallasbuyersclub;1;27298285;149990;182;2013-11-01 00:00:00
2013;captainphillips;0;107100855;748957;143;2013-10-11 00:00:00
2013;davido2013;0;150117807;1305372;115;2013-12-13 00:00:00
2013;twelveyearsaslave;0;;;;2013-10-18 00:00:00
2013;wolfofwallstreet;0;116900694;1169006;100;2013-12-25 00:00:00
2013;dallasbuyersclub;1;27298285;149990;182;2013-11-01 00:00:00
2013;davido2013;0;150117807;1305372;115;2013-12-13 00:00:00
2013;bluejasmine;1;28393495;507026;56;2013-07-26 00:00:00
2013;gravity;0;274092705;1263100;217;2013-10-04 00:00:00
2013;philomena;0;37709979;207197;182;2013-11-22 00:00:00
2013;augustosagecounty;0;37738810;283750;133;2013-12-27 00:00:00
2013;bluejasmine;0;28393495;507026;56;2013-07-26 00:00:00
2013;davido2013;0;150117807;1305372;115;2013-12-13 00:00:00
2013;twelveyearsaslave;1;;;;2013-10-18 00:00:00
2013;augustosagecounty;0;37738810;283750;133;2013-12-27 00:00:00
2013;nebraska;0;17654912;140118;126;2013-11-15 00:00:00
2013;grandmasters;0;6594959;104681;63;2013-08-23 00:00:00
2013;gravity;1;274092705;1263100;217;2013-10-04 00:00:00
2013;insidellewyndavis;0;13235319;135054;98;2013-12-06 00:00:00
2013;nebraska;0;17654912;140118;126;2013-11-15 00:00:00
2013;prisoners;0;61002302;792237;77;2013-09-20 00:00:00
2013;davido2013;0;150117807;1305372;115;2013-12-13 00:00:00
2013;grandmasters;0;6594959;104681;63;2013-08-23 00:00:00
2013;invisiblewoman;0;;;;2013-12-25 00:00:00
2013;twelveyearsaslave;0;;;;2013-10-18 00:00:00
2013;davido2013;0;150117807;1305372;115;2013-12-13 00:00:00
2013;gravity;1;274092705;1263100;217;2013-10-04 00:00:00
2013;nebraska;0;17654912;140118;126;2013-11-15 00:00:00
2013;twelveyearsaslave;0;;;;2013-10-18 00:00:00
2013;wolfofwallstreet;0;116900694;1169006;100;2013-12-25 00:00:00
2013;davido2013;0;150117807;1305372;115;2013-12-13 00:00:00
2013;captainphillips;0;107100855;748957;143;2013-10-11 00:00:00
2013;dallasbuyersclub;0;27298285;149990;182;2013-11-01 00:00:00
2013;gravity;1;274092705;1263100;217;2013-10-04 00:00:00
2013;twelveyearsaslave;0;;;;2013-10-18 00:00:00
2013;greatbeauty;1;;;;2013-11-15 00:00:00
2013;hunt2013;0;;;;2013-07-12 00:00:00
2013;missingpicture;0;;;;2014-03-19 00:00:00
2013;omar;0;;;;2014-02-21 00:00:00
2013;davido2013;0;150117807;1305372;115;2013-12-13 00:00:00
2013;captainphillips;0;107100855;748957;143;2013-10-11 00:00:00
2013;dallasbuyersclub;0;27298285;149990;182;2013-11-01 00:00:00
2013;gravity;0;274092705;1263100;217;2013-10-04 00:00:00
2013;nebraska;0;17654912;140118;126;2013-11-15 00:00:00
2013;philomena;0;37709979;207197;182;2013-11-22 00:00:00
2013;twelveyearsaslave;1;;;;2013-10-18 00:00:00
2013;wolfofwallstreet;0;116900694;1169006;100;2013-12-25 00:00:00
2013;allislost;0;;;;2013-10-18 00:00:00
2013;captainphillips;0;107100855;748957;143;2013-10-11 00:00:00
2013;gravity;1;274092705;1263100;217;2013-10-04 00:00:00
2013;hobbit2;0;258366855;2050530;126;2013-12-13 00:00:00
2013;lonesurvivor;0;125095601;1169117;107;2013-12-25 00:00:00
2013;gravity;1;274092705;1263100;217;2013-10-04 00:00:00
2013;hobbit2;0;258366855;2050530;126;2013-12-13 00:00:00
2013;ironman3;0;406609688;5808709;70;2013-05-03 00:00:00
2013;loneranger;0;87054312;2352819;37;2013-07-03 00:00:00
2013;startrek12;0;228778661;1906488;120;2013-05-16 00:00:00
2013;beforemidnight;0;71400;71400;1;2013-05-24 00:00:00
2013;captainphillips;0;107100855;748957;143;2013-10-11 00:00:00
2013;philomena;0;37709979;207197;182;2013-11-22 00:00:00
2013;twelveyearsaslave;1;;;;2013-10-18 00:00:00
2013;wolfofwallstreet;0;116900694;1169006;100;2013-12-25 00:00:00
2013;davido2013;0;150117807;1305372;115;2013-12-13 00:00:00
2013;bluejasmine;0;28393495;507026;56;2013-07-26 00:00:00
2013;dallasbuyersclub;0;27298285;149990;182;2013-11-01 00:00:00
2013;nebraska;0;17654912;140118;126;2013-11-15 00:00:00
2014;foxcatcher;0;;;;2014-11-14 00:00:00
2014;americansniper;0;350126372;1913258;183;2014-12-25 00:00:00
2014;imitationgame;0;91125683;542414;168;2014-11-28 00:00:00
2014;theoryofeverything;1;35753877;268826;133;2014-11-07 00:00:00
2014;judge;0;47119388;480810;98;2014-10-10 00:00:00
2014;boyhood;0;22153916;316484;70;2014-07-11 00:00:00
2014;foxcatcher;0;;;;2014-11-14 00:00:00
2014;whiplash;1;;;;2014-10-10 00:00:00
2014;twodaysonenight;0;;;;2014-12-24 00:00:00
2014;theoryofeverything;0;35753877;268826;133;2014-11-07 00:00:00
2014;stillalice;1;13072610;266787;49;2015-01-16 00:00:00
2014;gonegirl;0;167762331;1198302;140;2014-10-03 00:00:00
2014;boyhood;1;22153916;316484;70;2014-07-11 00:00:00
2014;imitationgame;0;91125683;542414;168;2014-11-28 00:00:00
2014;intothewoods;0;126735659;1980244;64;2014-12-25 00:00:00
2014;grandbudapesthotel;0;58973476;421239;140;2014-03-07 00:00:00
2014;ida;0;;;;2014-05-02 00:00:00
2014;mrturner;0;;;;2014-12-19 00:00:00
2014;unbroken;0;115637895;1482537;78;2014-12-25 00:00:00
2014;grandbudapesthotel;1;58973476;421239;140;2014-03-07 00:00:00
2014;inherentvice;0;8110975;105337;77;2014-12-12 00:00:00
2014;intothewoods;0;126735659;1980244;64;2014-12-25 00:00:00
2014;maleficient;0;236412469;3070291;77;2014-05-30 00:00:00
2014;mrturner;0;;;;2014-12-19 00:00:00
2014;boyhood;0;22153916;316484;70;2014-07-11 00:00:00
2014;foxcatcher;0;;;;2014-11-14 00:00:00
2014;grandbudapesthotel;0;58973476;421239;140;2014-03-07 00:00:00
2014;imitationgame;0;91125683;542414;168;2014-11-28 00:00:00
2014;americansniper;0;350126372;1913258;183;2014-12-25 00:00:00
2014;boyhood;0;22153916;316484;70;2014-07-11 00:00:00
2014;grandbudapesthotel;0;58973476;421239;140;2014-03-07 00:00:00
2014;imitationgame;0;91125683;542414;168;2014-11-28 00:00:00
2014;whiplash;1;;;;2014-10-10 00:00:00
2014;ida;1;;;;2014-05-02 00:00:00
2014;tangerines;0;7528;1254;6;2015-04-17 00:00:00
2014;timbuktu;0;1043803;13382;78;2015-01-28 00:00:00
2014;wildtales;0;;;;2015-02-20 00:00:00
2014;americansniper;0;350126372;1913258;183;2014-12-25 00:00:00
2014;boyhood;0;22153916;316484;70;2014-07-11 00:00:00
2014;grandbudapesthotel;0;58973476;421239;140;2014-03-07 00:00:00
2014;imitationgame;0;91125683;542414;168;2014-11-28 00:00:00
2014;selma;0;52076908;460857;113;2014-12-25 00:00:00
2014;theoryofeverything;0;35753877;268826;133;2014-11-07 00:00:00
2014;whiplash;0;;;;2014-10-10 00:00:00
2014;americansniper;1;350126372;1913258;183;2014-12-25 00:00:00
2014;hobbit3;0;255119788;2384297;107;2014-12-17 00:00:00
2014;interstellar;0;188020017;1392740;135;2014-11-05 00:00:00
2014;unbroken;0;115637895;1482537;78;2014-12-25 00:00:00
2014;marvel14b;0;255447104;4054715;63;2014-04-04 00:00:00
2014;dawnoftheapes;0;208490841;1654689;126;2014-07-11 00:00:00
2014;marvel2014a;0;328095589;3905899;84;2014-08-01 00:00:00
2014;interstellar;1;188020017;1392740;135;2014-11-05 00:00:00
2014;xmen2014;0;233904517;1758680;133;2014-05-23 00:00:00
2014;americansniper;0;350126372;1913258;183;2014-12-25 00:00:00
2014;imitationgame;1;91125683;542414;168;2014-11-28 00:00:00
2014;inherentvice;0;8110975;105337;77;2014-12-12 00:00:00
2014;theoryofeverything;0;35753877;268826;133;2014-11-07 00:00:00
2014;whiplash;0;;;;2014-10-10 00:00:00
2014;boyhood;0;22153916;316484;70;2014-07-11 00:00:00
2014;foxcatcher;0;;;;2014-11-14 00:00:00
2014;grandbudapesthotel;0;58973476;421239;140;2014-03-07 00:00:00
2014;nightcrawlers;0;32381148;330419;98;2014-10-31 00:00:00